FeatureIndex,Smiles,Label
HGODEL0034-240-32-159,CC(=O)N1CC(N(C)C(=O)C2(Cc3cccc(-c4noc(-c5ccc6ncn(C)c6c5)n4)c3)CC2)C1,1
HGODEL0034-190-84-159,CC(=O)NC1CCN(C(=O)CCc2cccc(-c3noc(-c4ccc5ncn(C)c5c4)n3)c2)CC1,1
HGODEL0034-190-32-159,CC(=O)NC1CCN(C(=O)C2(Cc3cccc(-c4noc(-c5ccc6ncn(C)c6c5)n4)c3)CC2)CC1,1
HGODEL0034-190-54-1138,CC(=O)NC1CCN(C(=O)C(C)Cc2cccc(-c3noc(-c4ccnc5c4ncn5C)n3)c2)CC1,1
HGODEL0034-240-84-159,CC(=O)N1CC(N(C)C(=O)CCc2cccc(-c3noc(-c4ccc5ncn(C)c5c4)n3)c2)C1,1
HGODEL0034-218-54-159,CC(=O)N1CCCN(C(=O)C(C)Cc2cccc(-c3noc(-c4ccc5ncn(C)c5c4)n3)c2)CC1,1
HGODEL0034-223-32-159,CC(=O)N1CCC(N(C)C(=O)C2(Cc3cccc(-c4noc(-c5ccc6ncn(C)c6c5)n4)c3)CC2)CC1,1
HGODEL0034-254-54-159,CC(=O)NC[C@H]1CCCN(C(=O)C(C)Cc2cccc(-c3noc(-c4ccc5ncn(C)c5c4)n3)c2)C1,1
HGODEL0034-223-236-159,CC(=O)N1CCC(N(C)C(=O)CCSc2ccc(-c3noc(-c4ccc5ncn(C)c5c4)n3)cc2)CC1,1
HGODEL0034-190-32-1138,CC(=O)NC1CCN(C(=O)C2(Cc3cccc(-c4noc(-c5ccnc6c5ncn6C)n4)c3)CC2)CC1,1
HGODEL0034-181-84-159,CCN(C(=O)CCc1cccc(-c2noc(-c3ccc4ncn(C)c4c3)n2)c1)C1CN(C(C)=O)C1,1
HGODEL0034-240-54-1138,CC(=O)N1CC(N(C)C(=O)C(C)Cc2cccc(-c3noc(-c4ccnc5c4ncn5C)n3)c2)C1,1
HGODEL0034-223-84-159,CC(=O)N1CCC(N(C)C(=O)CCc2cccc(-c3noc(-c4ccc5ncn(C)c5c4)n3)c2)CC1,1
HGODEL0034-21-21-159,CNC(=O)CC1CCN(C(=O)Cc2cc(-c3noc(-c4ccc5ncn(C)c5c4)n3)ccc2OC)CC1,1
HGODEL0034-223-84-389,CC(=O)N1CCC(N(C)C(=O)CCc2cccc(-c3noc(-c4ccc5c(C#N)c[nH]c5c4)n3)c2)CC1,1
HGODEL0034-218-54-1138,CC(=O)N1CCCN(C(=O)C(C)Cc2cccc(-c3noc(-c4ccnc5c4ncn5C)n3)c2)CC1,1
HGODEL0032-75-142-38,CNC(=O)C#CC1CCCN(C(=O)c2ccc3cc(C#Cc4cc(-c5ccco5)n(C)n4)ccc3c2)C1,1
HGODEL0034-240-122-159,CC(=O)N1CC(N(C)C(=O)CCc2cc(-c3noc(-c4ccc5ncn(C)c5c4)n3)ccc2F)C1,1
HGODEL0034-190-84-389,CC(=O)NC1CCN(C(=O)CCc2cccc(-c3noc(-c4ccc5c(C#N)c[nH]c5c4)n3)c2)CC1,1
HGODEL0034-190-122-159,CC(=O)NC1CCN(C(=O)CCc2cc(-c3noc(-c4ccc5ncn(C)c5c4)n3)ccc2F)CC1,1
HGODEL0034-218-86-159,CC(=O)N1CCCN(C(=O)C(C)Cc2ccc(F)c(-c3noc(-c4ccc5ncn(C)c5c4)n3)c2)CC1,1
HGODEL0034-240-84-1154,CC(=O)N1CC(N(C)C(=O)CCc2cccc(-c3noc(-c4cc5cccc(C)c5[nH]4)n3)c2)C1,1
HGODEL0034-207-13-159,CC(=O)N1C2CCC1CN(C(=O)C(C)Cc1ccc(-c3noc(-c4ccc5ncn(C)c5c4)n3)cc1)C2,1
HGODEL0034-21-39-1138,CNC(=O)CC1CCN(C(=O)Cc2cc(-c3noc(-c4ccnc5c4ncn5C)n3)ccc2OC)CC1,1
HGODEL0034-285-21-159,COc1ccc(-c2noc(-c3ccc4ncn(C)c4c3)n2)cc1CC(=O)N1CCC(N(C)C(C)=O)C1,1
HGODEL0034-240-32-1154,CC(=O)N1CC(N(C)C(=O)C2(Cc3cccc(-c4noc(-c5cc6cccc(C)c6[nH]5)n4)c3)CC2)C1,1
HGODEL0034-240-54-159,CC(=O)N1CC(N(C)C(=O)C(C)Cc2cccc(-c3noc(-c4ccc5ncn(C)c5c4)n3)c2)C1,1
HGODEL0034-190-84-1154,CC(=O)NC1CCN(C(=O)CCc2cccc(-c3noc(-c4cc5cccc(C)c5[nH]4)n3)c2)CC1,1
HGODEL0034-190-32-234,CC(=O)NC1CCN(C(=O)C2(Cc3cccc(-c4noc(-c5cnc6[nH]c(C)nc6c5)n4)c3)CC2)CC1,1
HGODEL0034-21-119-159,CNC(=O)CC1CCN(C(=O)Cc2cc(OC)cc(-c3noc(-c4ccc5ncn(C)c5c4)n3)c2)CC1,1
HGODEL0034-210-54-159,CC(=O)N[C@H]1CCN(C(=O)C(C)Cc2cccc(-c3noc(-c4ccc5ncn(C)c5c4)n3)c2)C1,1
HGODEL0034-231-54-159,CC(=O)NC1CCCN(C(=O)C(C)Cc2cccc(-c3noc(-c4ccc5ncn(C)c5c4)n3)c2)CC1,1
HGODEL0034-21-2-159,CNC(=O)CC1CCN(C(=O)Cc2cccc(-c3noc(-c4ccc5ncn(C)c5c4)n3)c2)CC1,1
HGODEL0034-190-32-1154,CC(=O)NC1CCN(C(=O)C2(Cc3cccc(-c4noc(-c5cc6cccc(C)c6[nH]5)n4)c3)CC2)CC1,1
HGODEL0034-210-21-159,COc1ccc(-c2noc(-c3ccc4ncn(C)c4c3)n2)cc1CC(=O)N1CC[C@H](NC(C)=O)C1,1
HGODEL0034-215-84-159,CC(=O)NC1CN(C(=O)CCc2cccc(-c3noc(-c4ccc5ncn(C)c5c4)n3)c2)CC12CC2,1
HGODEL0034-215-54-1138,CC(=O)NC1CN(C(=O)C(C)Cc2cccc(-c3noc(-c4ccnc5c4ncn5C)n3)c2)CC12CC2,1
HGODEL0034-274-32-159,CC(=O)NC[C@@H]1CCCN(C(=O)C2(Cc3cccc(-c4noc(-c5ccc6ncn(C)c6c5)n4)c3)CC2)C1,1
HGODEL0034-240-86-159,CC(=O)N1CC(N(C)C(=O)C(C)Cc2ccc(F)c(-c3noc(-c4ccc5ncn(C)c5c4)n3)c2)C1,1
HGODEL0034-289-84-159,CC(=O)N[C@H]1CCN(C(=O)CCc2cccc(-c3noc(-c4ccc5ncn(C)c5c4)n3)c2)[C@H](C)C1,1
HGODEL0034-240-32-389,CC(=O)N1CC(N(C)C(=O)C2(Cc3cccc(-c4noc(-c5ccc6c(C#N)c[nH]c6c5)n4)c3)CC2)C1,1
HGODEL0034-223-122-159,CC(=O)N1CCC(N(C)C(=O)CCc2cc(-c3noc(-c4ccc5ncn(C)c5c4)n3)ccc2F)CC1,1
HGODEL0034-215-81-159,CC(=O)NC1CN(C(=O)C(C)(C)Cc2cccc(-c3noc(-c4ccc5ncn(C)c5c4)n3)c2)CC12CC2,1
HGODEL0034-190-32-389,CC(=O)NC1CCN(C(=O)C2(Cc3cccc(-c4noc(-c5ccc6c(C#N)c[nH]c6c5)n4)c3)CC2)CC1,1
HGODEL0034-272-38-159,CC(=O)N1CCN(C(=O)c2cccn2-c2ccc(-c3noc(-c4ccc5ncn(C)c5c4)n3)cc2)[C@H](C)C1,1
HGODEL0034-190-54-839,CC(=O)NC1CCN(C(=O)C(C)Cc2cccc(-c3noc(/C=C/c4cccc(C)c4)n3)c2)CC1,1
HGODEL0034-254-86-159,CC(=O)NC[C@H]1CCCN(C(=O)C(C)Cc2ccc(F)c(-c3noc(-c4ccc5ncn(C)c5c4)n3)c2)C1,1
HGODEL0034-190-54-699,CC(=O)NC1CCN(C(=O)C(C)Cc2cccc(-c3noc(/C=C/c4ccc(F)cc4)n3)c2)CC1,1
HGODEL0034-264-54-159,CC(=O)NCC1CCCN(C(=O)C(C)Cc2cccc(-c3noc(-c4ccc5ncn(C)c5c4)n3)c2)C1,1
HGODEL0034-207-13-1138,CC(=O)N1C2CCC1CN(C(=O)C(C)Cc1ccc(-c3noc(-c4ccnc5c4ncn5C)n3)cc1)C2,1
HGODEL0034-190-86-159,CC(=O)NC1CCN(C(=O)C(C)Cc2ccc(F)c(-c3noc(-c4ccc5ncn(C)c5c4)n3)c2)CC1,1
HGODEL0034-190-32-1247,CC(=O)NC1CCN(C(=O)C2(Cc3cccc(-c4noc(-c5ccc6ncccc6c5)n4)c3)CC2)CC1,1
HGODEL0034-240-84-389,CC(=O)N1CC(N(C)C(=O)CCc2cccc(-c3noc(-c4ccc5c(C#N)c[nH]c5c4)n3)c2)C1,1
HGODEL0034-223-32-899,CC(=O)N1CCC(N(C)C(=O)C2(Cc3cccc(-c4noc(-c5ccc6nc(C)ccc6c5)n4)c3)CC2)CC1,1
HGODEL0034-181-84-1154,CCN(C(=O)CCc1cccc(-c2noc(-c3cc4cccc(C)c4[nH]3)n2)c1)C1CN(C(C)=O)C1,1
HGODEL0034-216-13-1138,CC(=O)N1CC2CCC1CN2C(=O)C(C)Cc1ccc(-c2noc(-c3ccnc4c3ncn4C)n2)cc1,1
HGODEL0034-290-13-159,CC(=O)N1CCN(C(=O)C(C)Cc2ccc(-c3noc(-c4ccc5ncn(C)c5c4)n3)cc2)CC1C,1
HGODEL0034-178-111-159,CC(=O)N1CCN(C(=O)C2(Cc3ccc(-c4noc(-c5ccc6ncn(C)c6c5)n4)cc3)CC2)[C@@H](C)C1,1
HGODEL0034-181-122-159,CCN(C(=O)CCc1cc(-c2noc(-c3ccc4ncn(C)c4c3)n2)ccc1F)C1CN(C(C)=O)C1,1
HGODEL0034-190-86-1138,CC(=O)NC1CCN(C(=O)C(C)Cc2ccc(F)c(-c3noc(-c4ccnc5c4ncn5C)n3)c2)CC1,1
HGODEL0034-190-32-899,CC(=O)NC1CCN(C(=O)C2(Cc3cccc(-c4noc(-c5ccc6nc(C)ccc6c5)n4)c3)CC2)CC1,1
HGODEL0034-218-54-918,CC(=O)N1CCCN(C(=O)C(C)Cc2cccc(-c3noc(-c4cc5cc(F)ccc5[nH]4)n3)c2)CC1,1
HGODEL0034-210-54-1138,CC(=O)N[C@H]1CCN(C(=O)C(C)Cc2cccc(-c3noc(-c4ccnc5c4ncn5C)n3)c2)C1,1
HGODEL0034-259-21-159,COc1ccc(-c2noc(-c3ccc4ncn(C)c4c3)n2)cc1CC(=O)N1CCC(NC(C)=O)C1,1
HGODEL0034-190-54-899,CC(=O)NC1CCN(C(=O)C(C)Cc2cccc(-c3noc(-c4ccc5nc(C)ccc5c4)n3)c2)CC1,1
HGODEL0034-240-54-839,CC(=O)N1CC(N(C)C(=O)C(C)Cc2cccc(-c3noc(/C=C/c4cccc(C)c4)n3)c2)C1,1
HGODEL0034-218-54-899,CC(=O)N1CCCN(C(=O)C(C)Cc2cccc(-c3noc(-c4ccc5nc(C)ccc5c4)n3)c2)CC1,1
HGODEL0034-223-236-1154,CC(=O)N1CCC(N(C)C(=O)CCSc2ccc(-c3noc(-c4cc5cccc(C)c5[nH]4)n3)cc2)CC1,1
HGODEL0034-223-84-1154,CC(=O)N1CCC(N(C)C(=O)CCc2cccc(-c3noc(-c4cc5cccc(C)c5[nH]4)n3)c2)CC1,1
HGODEL0034-21-21-1247,CNC(=O)CC1CCN(C(=O)Cc2cc(-c3noc(-c4ccc5ncccc5c4)n3)ccc2OC)CC1,1
HGODEL0034-218-54-389,CC(=O)N1CCCN(C(=O)C(C)Cc2cccc(-c3noc(-c4ccc5c(C#N)c[nH]c5c4)n3)c2)CC1,1
HGODEL0034-190-54-1247,CC(=O)NC1CCN(C(=O)C(C)Cc2cccc(-c3noc(-c4ccc5ncccc5c4)n3)c2)CC1,1
HGODEL0034-264-32-159,CC(=O)NCC1CCCN(C(=O)C2(Cc3cccc(-c4noc(-c5ccc6ncn(C)c6c5)n4)c3)CC2)C1,1
HGODEL0034-223-236-389,CC(=O)N1CCC(N(C)C(=O)CCSc2ccc(-c3noc(-c4ccc5c(C#N)c[nH]c5c4)n3)cc2)CC1,1
HGODEL0034-234-230-159,CC(=O)NC1CN(C(=O)CSCc2ccc(-c3noc(-c4ccc5ncn(C)c5c4)n3)cc2)CC1(C)C,1
HGODEL0034-218-86-389,CC(=O)N1CCCN(C(=O)C(C)Cc2ccc(F)c(-c3noc(-c4ccc5c(C#N)c[nH]c5c4)n3)c2)CC1,1
HGODEL0034-218-54-839,CC(=O)N1CCCN(C(=O)C(C)Cc2cccc(-c3noc(/C=C/c4cccc(C)c4)n3)c2)CC1,1
HGODEL0034-254-32-159,CC(=O)NC[C@H]1CCCN(C(=O)C2(Cc3cccc(-c4noc(-c5ccc6ncn(C)c6c5)n4)c3)CC2)C1,1
HGODEL0034-195-13-1138,CC(=O)NC[C@@H](C)NC(=O)C(C)Cc1ccc(-c2noc(-c3ccnc4c3ncn4C)n2)cc1,1
HGODEL0034-284-54-159,CC(=O)N1CCN(C(=O)C(C)Cc2cccc(-c3noc(-c4ccc5ncn(C)c5c4)n3)c2)CC12CC2,1
HGODEL0034-254-54-899,CC(=O)NC[C@H]1CCCN(C(=O)C(C)Cc2cccc(-c3noc(-c4ccc5nc(C)ccc5c4)n3)c2)C1,1
HGODEL0034-223-122-389,CC(=O)N1CCC(N(C)C(=O)CCc2cc(-c3noc(-c4ccc5c(C#N)c[nH]c5c4)n3)ccc2F)CC1,1
HGODEL0034-259-54-159,CC(=O)NC1CCN(C(=O)C(C)Cc2cccc(-c3noc(-c4ccc5ncn(C)c5c4)n3)c2)C1,1
HGODEL0034-254-54-389,CC(=O)NC[C@H]1CCCN(C(=O)C(C)Cc2cccc(-c3noc(-c4ccc5c(C#N)c[nH]c5c4)n3)c2)C1,1
HGODEL0034-190-54-234,CC(=O)NC1CCN(C(=O)C(C)Cc2cccc(-c3noc(-c4cnc5[nH]c(C)nc5c4)n3)c2)CC1,1
HGODEL0034-181-32-159,CCN(C(=O)C1(Cc2cccc(-c3noc(-c4ccc5ncn(C)c5c4)n3)c2)CC1)C1CN(C(C)=O)C1,1
HGODEL0034-240-32-899,CC(=O)N1CC(N(C)C(=O)C2(Cc3cccc(-c4noc(-c5ccc6nc(C)ccc6c5)n4)c3)CC2)C1,1
HGODEL0034-237-108-159,CC(=O)NCC1(C)CCN(C(=O)C2(Cc3ccc(-c4noc(-c5ccc6ncn(C)c6c5)n4)cc3)CC2)C1,1
HGODEL0034-223-32-389,CC(=O)N1CCC(N(C)C(=O)C2(Cc3cccc(-c4noc(-c5ccc6c(C#N)c[nH]c6c5)n4)c3)CC2)CC1,1
HGODEL0034-218-54-1247,CC(=O)N1CCCN(C(=O)C(C)Cc2cccc(-c3noc(-c4ccc5ncccc5c4)n3)c2)CC1,1
HGODEL0034-240-32-1247,CC(=O)N1CC(N(C)C(=O)C2(Cc3cccc(-c4noc(-c5ccc6ncccc6c5)n4)c3)CC2)C1,1
HGODEL0034-190-54-828,CC(=O)NC1CCN(C(=O)C(C)Cc2cccc(-c3noc(-c4ccc(C#N)c(C)c4)n3)c2)CC1,1
HGODEL0034-215-54-159,CC(=O)NC1CN(C(=O)C(C)Cc2cccc(-c3noc(-c4ccc5ncn(C)c5c4)n3)c2)CC12CC2,1
HGODEL0034-208-21-159,COc1ccc(-c2noc(-c3ccc4ncn(C)c4c3)n2)cc1CC(=O)N1CC[C@H](CNC(C)=O)C1,1
HGODEL0034-176-84-159,CC(=O)N[C@@H]1CCN(C(=O)CCc2cccc(-c3noc(-c4ccc5ncn(C)c5c4)n3)c2)[C@H](C)C1,1
HGODEL0034-21-21-389,CNC(=O)CC1CCN(C(=O)Cc2cc(-c3noc(-c4ccc5c(C#N)c[nH]c5c4)n3)ccc2OC)CC1,1
HGODEL0034-240-122-1154,CC(=O)N1CC(N(C)C(=O)CCc2cc(-c3noc(-c4cc5cccc(C)c5[nH]4)n3)ccc2F)C1,1
HGODEL0034-240-32-918,CC(=O)N1CC(N(C)C(=O)C2(Cc3cccc(-c4noc(-c5cc6cc(F)ccc6[nH]5)n4)c3)CC2)C1,1
HGODEL0034-181-84-389,CCN(C(=O)CCc1cccc(-c2noc(-c3ccc4c(C#N)c[nH]c4c3)n2)c1)C1CN(C(C)=O)C1,1
HGODEL0034-190-54-159,CC(=O)NC1CCN(C(=O)C(C)Cc2cccc(-c3noc(-c4ccc5ncn(C)c5c4)n3)c2)CC1,1
HGODEL0034-190-54-1380,CCc1ccc(-c2nc(-c3cccc(CC(C)C(=O)N4CCC(NC(C)=O)CC4)c3)no2)cc1CC,1
HGODEL0034-205-230-159,CC(=O)NC1CCN(C(=O)CSCc2ccc(-c3noc(-c4ccc5ncn(C)c5c4)n3)cc2)CC1,1
HGODEL0034-259-54-1138,CC(=O)NC1CCN(C(=O)C(C)Cc2cccc(-c3noc(-c4ccnc5c4ncn5C)n3)c2)C1,1
HGODEL0034-285-54-159,CC(=O)N(C)C1CCN(C(=O)C(C)Cc2cccc(-c3noc(-c4ccc5ncn(C)c5c4)n3)c2)C1,1
HGODEL0034-289-32-1138,CC(=O)N[C@H]1CCN(C(=O)C2(Cc3cccc(-c4noc(-c5ccnc6c5ncn6C)n4)c3)CC2)[C@H](C)C1,1
HGODEL0034-237-13-159,CC(=O)NCC1(C)CCN(C(=O)C(C)Cc2ccc(-c3noc(-c4ccc5ncn(C)c5c4)n3)cc2)C1,1
HGODEL0034-208-13-159,CC(=O)NC[C@H]1CCN(C(=O)C(C)Cc2ccc(-c3noc(-c4ccc5ncn(C)c5c4)n3)cc2)C1,1
HGODEL0034-190-54-660,CC(=O)NC1CCN(C(=O)C(C)Cc2cccc(-c3noc(/C=C/c4ccccc4)n3)c2)CC1,1
HGODEL0034-207-54-159,CC(=O)N1C2CCC1CN(C(=O)C(C)Cc1cccc(-c3noc(-c4ccc5ncn(C)c5c4)n3)c1)C2,1
HGODEL0032-75-142-342,CNC(=O)C#CC1CCCN(C(=O)c2ccc3cc(C#Cc4ccc5nccnc5c4)ccc3c2)C1,1
HGODEL0034-218-86-1154,CC(=O)N1CCCN(C(=O)C(C)Cc2ccc(F)c(-c3noc(-c4cc5cccc(C)c5[nH]4)n3)c2)CC1,1
HGODEL0034-240-54-1247,CC(=O)N1CC(N(C)C(=O)C(C)Cc2cccc(-c3noc(-c4ccc5ncccc5c4)n3)c2)C1,1
HGODEL0034-195-13-159,CC(=O)NC[C@@H](C)NC(=O)C(C)Cc1ccc(-c2noc(-c3ccc4ncn(C)c4c3)n2)cc1,1
HGODEL0034-218-21-159,COc1ccc(-c2noc(-c3ccc4ncn(C)c4c3)n2)cc1CC(=O)N1CCCN(C(C)=O)CC1,1
HGODEL0034-290-54-159,CC(=O)N1CCN(C(=O)C(C)Cc2cccc(-c3noc(-c4ccc5ncn(C)c5c4)n3)c2)CC1C,1
HGODEL0034-12-21-159,CNC(=O)C1CN(C(=O)Cc2cc(-c3noc(-c4ccc5ncn(C)c5c4)n3)ccc2OC)CC12CC2,1
HGODEL0034-290-188-1138,CC(=O)N1CCN(C(=O)C(C)Cc2ccc(-c3noc(-c4ccnc5c4ncn5C)n3)cc2)CC1C,1
HGODEL0034-240-54-770,CCNc1ncc(-c2nc(-c3cccc(CC(C)C(=O)N(C)C4CN(C(C)=O)C4)c3)no2)cn1,1
HGODEL0034-237-188-234,CC(=O)NCC1(C)CCN(C(=O)C(C)Cc2ccc(-c3noc(-c4cnc5[nH]c(C)nc5c4)n3)cc2)C1,1
HGODEL0034-231-86-159,CC(=O)NC1CCCN(C(=O)C(C)Cc2ccc(F)c(-c3noc(-c4ccc5ncn(C)c5c4)n3)c2)CC1,1
HGODEL0034-184-13-159,CC(=O)N1CCC(C)(CNC(=O)C(C)Cc2ccc(-c3noc(-c4ccc5ncn(C)c5c4)n3)cc2)C1,1
HGODEL0034-190-54-912,CC(=O)NC1CCN(C(=O)C(C)Cc2cccc(-c3noc(-c4ccc(C)c(C)c4)n3)c2)CC1,1
HGODEL0034-254-54-1154,CC(=O)NC[C@H]1CCCN(C(=O)C(C)Cc2cccc(-c3noc(-c4cc5cccc(C)c5[nH]4)n3)c2)C1,1
HGODEL0032-75-142-111,CNC(=O)C#CC1CCCN(C(=O)c2ccc3cc(C#Cc4cnc(N(C)C)nc4)ccc3c2)C1,1
HGODEL0034-210-164-159,CC(=O)N[C@H]1CCN(C(=O)C(C)c2cccc(-c3noc(-c4ccc5ncn(C)c5c4)n3)c2)C1,1
HGODEL0034-203-54-159,CC(=O)N1C[C@@H](C)N(C(=O)C(C)Cc2cccc(-c3noc(-c4ccc5ncn(C)c5c4)n3)c2)C[C@@H]1C,1
HGODEL0034-240-54-864,CNc1ncc(-c2nc(-c3cccc(CC(C)C(=O)N(C)C4CN(C(C)=O)C4)c3)no2)cn1,1
HGODEL0034-190-54-1399,CC(=O)NC1CCN(C(=O)C(C)Cc2cccc(-c3noc(-c4ccc5c(c4)CCO5)n3)c2)CC1,1
HGODEL0034-282-13-159,CC[C@@H]1CN(C(=O)C(C)Cc2ccc(-c3noc(-c4ccc5ncn(C)c5c4)n3)cc2)CCN1C(C)=O,1
HGODEL0034-240-54-699,CC(=O)N1CC(N(C)C(=O)C(C)Cc2cccc(-c3noc(/C=C/c4ccc(F)cc4)n3)c2)C1,1
HGODEL0034-240-54-1380,CCc1ccc(-c2nc(-c3cccc(CC(C)C(=O)N(C)C4CN(C(C)=O)C4)c3)no2)cc1CC,1
HGODEL0034-190-122-389,CC(=O)NC1CCN(C(=O)CCc2cc(-c3noc(-c4ccc5c(C#N)c[nH]c5c4)n3)ccc2F)CC1,1
HGODEL0032-75-142-479,CNC(=O)C#CC1CCCN(C(=O)c2ccc3cc(C#Cc4cc(C#N)n(C)c4)ccc3c2)C1,1
HGODEL0034-219-54-159,CC(=O)N[C@H]1CN(C(=O)C(C)Cc2cccc(-c3noc(-c4ccc5ncn(C)c5c4)n3)c2)C[C@H]1O,1
HGODEL0034-190-122-1154,CC(=O)NC1CCN(C(=O)CCc2cc(-c3noc(-c4cc5cccc(C)c5[nH]4)n3)ccc2F)CC1,1
HGODEL0034-190-54-843,CC(=O)NC1CCN(C(=O)C(C)Cc2cccc(-c3noc(/C=C/c4cccc(F)c4)n3)c2)CC1,1
HGODEL0034-190-54-864,CNc1ncc(-c2nc(-c3cccc(CC(C)C(=O)N4CCC(NC(C)=O)CC4)c3)no2)cn1,1
HGODEL0034-240-83-159,CC(=O)N1CC(N(C)C(=O)C2(c3cccc(-c4noc(-c5ccc6ncn(C)c6c5)n4)c3)CCC2)C1,1
HGODEL0034-233-13-159,CC(=O)NCC(C)NC(=O)C(C)Cc1ccc(-c2noc(-c3ccc4ncn(C)c4c3)n2)cc1,1
HGODEL0034-178-188-159,CC(=O)N1CCN(C(=O)C(C)Cc2ccc(-c3noc(-c4ccc5ncn(C)c5c4)n3)cc2)[C@@H](C)C1,1
HGODEL0034-289-32-159,CC(=O)N[C@H]1CCN(C(=O)C2(Cc3cccc(-c4noc(-c5ccc6ncn(C)c6c5)n4)c3)CC2)[C@H](C)C1,1
HGODEL0034-218-54-699,CC(=O)N1CCCN(C(=O)C(C)Cc2cccc(-c3noc(/C=C/c4ccc(F)cc4)n3)c2)CC1,1
HGODEL0034-262-54-159,CC(=O)N1CC2(CCN(C(=O)C(C)Cc3cccc(-c4noc(-c5ccc6ncn(C)c6c5)n4)c3)C2)C1,1
HGODEL0034-289-122-159,CC(=O)N[C@H]1CCN(C(=O)CCc2cc(-c3noc(-c4ccc5ncn(C)c5c4)n3)ccc2F)[C@H](C)C1,1
HGODEL0034-178-108-1138,CC(=O)N1CCN(C(=O)C2(Cc3ccc(-c4noc(-c5ccnc6c5ncn6C)n4)cc3)CC2)[C@@H](C)C1,1
HGODEL0032-218-137-295,CNC(=O)CSC1CCN(C(=O)Cc2cccc(C#Cc3ccnc(O)c3)c2)CC1,1
HGODEL0034-240-54-899,CC(=O)N1CC(N(C)C(=O)C(C)Cc2cccc(-c3noc(-c4ccc5nc(C)ccc5c4)n3)c2)C1,1
HGODEL0034-213-13-1138,CC(=O)NC[C@H]1CCCN1C(=O)C(C)Cc1ccc(-c2noc(-c3ccnc4c3ncn4C)n2)cc1,1
HGODEL0034-181-122-1154,CCN(C(=O)CCc1cc(-c2noc(-c3cc4cccc(C)c4[nH]3)n2)ccc1F)C1CN(C(C)=O)C1,1
HGODEL0034-21-65-389,CNC(=O)CC1CCN(C(=O)Cc2cccc(-c3noc(-c4ccc5c(C#N)c[nH]c5c4)n3)c2)CC1,1
HGODEL0034-195-82-159,CC(=O)NC[C@@H](C)NC(=O)CCc1ccc(-c2noc(-c3ccc4ncn(C)c4c3)n2)cc1,1
HGODEL0032-208-89-38,CNC(=O)c1ccc2c(c1)CC(NC(=O)Cc1c[nH]c3cc(C#Cc4cc(-c5ccco5)n(C)n4)ccc13)C2,1
HGODEL0034-229-188-159,CC(=O)NCC1CCN(C(=O)C(C)Cc2ccc(-c3noc(-c4ccc5ncn(C)c5c4)n3)cc2)C1,1
HGODEL0034-233-13-1138,CC(=O)NCC(C)NC(=O)C(C)Cc1ccc(-c2noc(-c3ccnc4c3ncn4C)n2)cc1,1
HGODEL0034-247-13-159,CC(=O)N1CCN(C(=O)C(C)Cc2ccc(-c3noc(-c4ccc5ncn(C)c5c4)n3)cc2)C(C)C1,1
HGODEL0034-247-108-159,CC(=O)N1CCN(C(=O)C2(Cc3ccc(-c4noc(-c5ccc6ncn(C)c6c5)n4)cc3)CC2)C(C)C1,1
HGODEL0034-215-32-159,CC(=O)NC1CN(C(=O)C2(Cc3cccc(-c4noc(-c5ccc6ncn(C)c6c5)n4)c3)CC2)CC12CC2,1
HGODEL0034-210-54-1154,CC(=O)N[C@H]1CCN(C(=O)C(C)Cc2cccc(-c3noc(-c4cc5cccc(C)c5[nH]4)n3)c2)C1,1
HGODEL0034-223-32-1247,CC(=O)N1CCC(N(C)C(=O)C2(Cc3cccc(-c4noc(-c5ccc6ncccc6c5)n4)c3)CC2)CC1,1
HGODEL0034-210-21-389,COc1ccc(-c2noc(-c3ccc4c(C#N)c[nH]c4c3)n2)cc1CC(=O)N1CC[C@H](NC(C)=O)C1,1
HGODEL0034-21-39-1154,CNC(=O)CC1CCN(C(=O)Cc2cc(-c3noc(-c4cc5cccc(C)c5[nH]4)n3)ccc2OC)CC1,1
HGODEL0034-213-194-159,CC(=O)NC[C@H]1CCCN1C(=O)CCc1ccc(-c2noc(-c3ccc4ncn(C)c4c3)n2)cc1,1
HGODEL0034-190-86-1247,CC(=O)NC1CCN(C(=O)C(C)Cc2ccc(F)c(-c3noc(-c4ccc5ncccc5c4)n3)c2)CC1,1
HGODEL0032-75-142-497,CNC(=O)C#CC1CCCN(C(=O)c2ccc3cc(C#Cc4ccc(C#N)c(C)c4)ccc3c2)C1,1
HGODEL0034-219-54-1138,CC(=O)N[C@H]1CN(C(=O)C(C)Cc2cccc(-c3noc(-c4ccnc5c4ncn5C)n3)c2)C[C@H]1O,1
HGODEL0034-218-13-159,CC(=O)N1CCCN(C(=O)C(C)Cc2ccc(-c3noc(-c4ccc5ncn(C)c5c4)n3)cc2)CC1,1
HGODEL0034-190-54-566,CC(=O)NC1CCN(C(=O)C(C)Cc2cccc(-c3noc(-c4ccnc(C5CC5)c4)n3)c2)CC1,1
HGODEL0034-177-13-159,CC(=O)N[C@@H](C)CNC(=O)C(C)Cc1ccc(-c2noc(-c3ccc4ncn(C)c4c3)n2)cc1,1
HGODEL0034-190-54-918,CC(=O)NC1CCN(C(=O)C(C)Cc2cccc(-c3noc(-c4cc5cc(F)ccc5[nH]4)n3)c2)CC1,1
HGODEL0032-311-443-479,CC(=O)N1CC2(CCCN(C(=O)C(C)Cc3ccc(C#Cc4cc(C#N)n(C)c4)cc3)C2)C1,1
HGODEL0034-215-86-159,CC(=O)NC1CN(C(=O)C(C)Cc2ccc(F)c(-c3noc(-c4ccc5ncn(C)c5c4)n3)c2)CC12CC2,1
HGODEL0034-240-32-1138,CC(=O)N1CC(N(C)C(=O)C2(Cc3cccc(-c4noc(-c5ccnc6c5ncn6C)n4)c3)CC2)C1,1
HGODEL0034-247-38-159,CC(=O)N1CCN(C(=O)c2cccn2-c2ccc(-c3noc(-c4ccc5ncn(C)c5c4)n3)cc2)C(C)C1,1
HGODEL0034-264-86-159,CC(=O)NCC1CCCN(C(=O)C(C)Cc2ccc(F)c(-c3noc(-c4ccc5ncn(C)c5c4)n3)c2)C1,1
HGODEL0034-240-54-918,CC(=O)N1CC(N(C)C(=O)C(C)Cc2cccc(-c3noc(-c4cc5cc(F)ccc5[nH]4)n3)c2)C1,1
HGODEL0034-21-21-828,CNC(=O)CC1CCN(C(=O)Cc2cc(-c3noc(-c4ccc(C#N)c(C)c4)n3)ccc2OC)CC1,1
HGODEL0015-334-35-89,Cc1cc(C)cc(OCCC(=O)N[C@@H](Cc2ccc3ccccc3c2)C(=O)N(C)CC2(c3ccc4c(c3)OCCO4)CCCC2)c1,1
HGODEL0034-223-84-899,CC(=O)N1CCC(N(C)C(=O)CCc2cccc(-c3noc(-c4ccc5nc(C)ccc5c4)n3)c2)CC1,1
HGODEL0034-223-32-234,CC(=O)N1CCC(N(C)C(=O)C2(Cc3cccc(-c4noc(-c5cnc6[nH]c(C)nc6c5)n4)c3)CC2)CC1,1
HGODEL0034-240-122-389,CC(=O)N1CC(N(C)C(=O)CCc2cc(-c3noc(-c4ccc5c(C#N)c[nH]c5c4)n3)ccc2F)C1,1
HGODEL0034-223-54-159,CC(=O)N1CCC(N(C)C(=O)C(C)Cc2cccc(-c3noc(-c4ccc5ncn(C)c5c4)n3)c2)CC1,1
HGODEL0034-284-86-159,CC(=O)N1CCN(C(=O)C(C)Cc2ccc(F)c(-c3noc(-c4ccc5ncn(C)c5c4)n3)c2)CC12CC2,1
HGODEL0034-285-39-389,COc1ccc(-c2noc(-c3ccc4c(C#N)c[nH]c4c3)n2)cc1CC(=O)N1CCC(N(C)C(C)=O)C1,1
HGODEL0034-21-21-1274,CNC(=O)CC1CCN(C(=O)Cc2cc(-c3noc(-c4ccc(C)c(C)n4)n3)ccc2OC)CC1,1
HGODEL0034-203-13-159,CC(=O)N1C[C@@H](C)N(C(=O)C(C)Cc2ccc(-c3noc(-c4ccc5ncn(C)c5c4)n3)cc2)C[C@@H]1C,1
HGODEL0034-210-76-159,CC(=O)N[C@H]1CCN(C(=O)c2ccc(-c3noc(-c4ccc5ncn(C)c5c4)n3)cc2C)C1,1
HGODEL0034-190-54-770,CCNc1ncc(-c2nc(-c3cccc(CC(C)C(=O)N4CCC(NC(C)=O)CC4)c3)no2)cn1,1
HGODEL0034-190-32-918,CC(=O)NC1CCN(C(=O)C2(Cc3cccc(-c4noc(-c5cc6cc(F)ccc6[nH]5)n4)c3)CC2)CC1,1
HGODEL0034-190-54-976,CC(=O)NC1CCN(C(=O)C(C)Cc2cccc(-c3noc(-c4cnc5cnn(C)c5c4)n3)c2)CC1,1
HGODEL0034-254-54-1247,CC(=O)NC[C@H]1CCCN(C(=O)C(C)Cc2cccc(-c3noc(-c4ccc5ncccc5c4)n3)c2)C1,1
HGODEL0034-272-13-159,CC(=O)N1CCN(C(=O)C(C)Cc2ccc(-c3noc(-c4ccc5ncn(C)c5c4)n3)cc2)[C@H](C)C1,1
HGODEL0034-190-86-1154,CC(=O)NC1CCN(C(=O)C(C)Cc2ccc(F)c(-c3noc(-c4cc5cccc(C)c5[nH]4)n3)c2)CC1,1
HGODEL0034-285-86-159,CC(=O)N(C)C1CCN(C(=O)C(C)Cc2ccc(F)c(-c3noc(-c4ccc5ncn(C)c5c4)n3)c2)C1,1
HGODEL0034-210-76-1380,CCc1ccc(-c2nc(-c3ccc(C(=O)N4CC[C@H](NC(C)=O)C4)c(C)c3)no2)cc1CC,1
HGODEL0034-210-84-159,CC(=O)N[C@H]1CCN(C(=O)CCc2cccc(-c3noc(-c4ccc5ncn(C)c5c4)n3)c2)C1,1
HGODEL0034-234-58-159,CC(=O)NC1CN(C(=O)CCCOc2ccc(-c3noc(-c4ccc5ncn(C)c5c4)n3)cc2)CC1(C)C,1
HGODEL0034-240-84-918,CC(=O)N1CC(N(C)C(=O)CCc2cccc(-c3noc(-c4cc5cc(F)ccc5[nH]4)n3)c2)C1,1
HGODEL0034-190-54-155,CC(=O)NC1CCN(C(=O)C(C)Cc2cccc(-c3noc(-c4ccc5c(c4)CCOC5)n3)c2)CC1,1
HGODEL0034-89-39-159,CNC(=O)[C@@H]1CN(C(=O)Cc2cc(-c3noc(-c4ccc5ncn(C)c5c4)n3)ccc2OC)C[C@H]1C,1
HGODEL0034-254-13-159,CC(=O)NC[C@H]1CCCN(C(=O)C(C)Cc2ccc(-c3noc(-c4ccc5ncn(C)c5c4)n3)cc2)C1,1
HGODEL0034-240-54-660,CC(=O)N1CC(N(C)C(=O)C(C)Cc2cccc(-c3noc(/C=C/c4ccccc4)n3)c2)C1,1
HGODEL0032-75-142-2,CNC(=O)C#CC1CCCN(C(=O)c2ccc3cc(C#Cc4ccc5ncccc5c4)ccc3c2)C1,1
HGODEL0034-207-86-159,CC(=O)N1C2CCC1CN(C(=O)C(C)Cc1ccc(F)c(-c3noc(-c4ccc5ncn(C)c5c4)n3)c1)C2,1
HGODEL0034-176-84-389,CC(=O)N[C@@H]1CCN(C(=O)CCc2cccc(-c3noc(-c4ccc5c(C#N)c[nH]c5c4)n3)c2)[C@H](C)C1,1
HGODEL0034-216-13-159,CC(=O)N1CC2CCC1CN2C(=O)C(C)Cc1ccc(-c2noc(-c3ccc4ncn(C)c4c3)n2)cc1,1
HGODEL0034-223-122-1154,CC(=O)N1CCC(N(C)C(=O)CCc2cc(-c3noc(-c4cc5cccc(C)c5[nH]4)n3)ccc2F)CC1,1
HGODEL0034-178-13-1138,CC(=O)N1CCN(C(=O)C(C)Cc2ccc(-c3noc(-c4ccnc5c4ncn5C)n3)cc2)[C@@H](C)C1,1
HGODEL0044-834-1075,CC(=O)Nc1ccc([C@@H]2CCCN(C(=O)c3ccc4c(c3)CN(c3cccc(OC(C)C)c3)C4=O)C2)cc1,1
HGODEL0034-190-81-159,CC(=O)NC1CCN(C(=O)C(C)(C)Cc2cccc(-c3noc(-c4ccc5ncn(C)c5c4)n3)c2)CC1,1
HGODEL0034-199-108-159,CC[C@H]1CN(C(C)=O)CCN1C(=O)C1(Cc2ccc(-c3noc(-c4ccc5ncn(C)c5c4)n3)cc2)CC1,1
HGODEL0034-176-222-698,CC(=O)N[C@@H]1CCN(C(=O)c2ccn(Cc3noc(-c4cc[nH]c(=O)c4)n3)n2)[C@H](C)C1,1
HGODEL0034-259-164-159,CC(=O)NC1CCN(C(=O)C(C)c2cccc(-c3noc(-c4ccc5ncn(C)c5c4)n3)c2)C1,1
HGODEL0034-190-54-341,COc1cc(-c2nc(-c3cccc(CC(C)C(=O)N4CCC(NC(C)=O)CC4)c3)no2)ccc1C,1
HGODEL0034-237-22-159,CC(=O)NCC1(C)CCN(C(=O)CCc2ccc(-c3noc(-c4ccc5ncn(C)c5c4)n3)cc2)C1,1
HGODEL0034-264-54-389,CC(=O)NCC1CCCN(C(=O)C(C)Cc2cccc(-c3noc(-c4ccc5c(C#N)c[nH]c5c4)n3)c2)C1,1
HGODEL0034-240-236-1154,CC(=O)N1CC(N(C)C(=O)CCSc2ccc(-c3noc(-c4cc5cccc(C)c5[nH]4)n3)cc2)C1,1
HGODEL0034-213-84-159,CC(=O)NC[C@H]1CCCN1C(=O)CCc1cccc(-c2noc(-c3ccc4ncn(C)c4c3)n2)c1,1
HGODEL0034-210-54-389,CC(=O)N[C@H]1CCN(C(=O)C(C)Cc2cccc(-c3noc(-c4ccc5c(C#N)c[nH]c5c4)n3)c2)C1,1
HGODEL0034-264-54-899,CC(=O)NCC1CCCN(C(=O)C(C)Cc2cccc(-c3noc(-c4ccc5nc(C)ccc5c4)n3)c2)C1,1
HGODEL0034-231-54-389,CC(=O)NC1CCCN(C(=O)C(C)Cc2cccc(-c3noc(-c4ccc5c(C#N)c[nH]c5c4)n3)c2)CC1,1
HGODEL0034-240-55-159,CC(=O)N1CC(N(C)C(=O)C(C)(C)c2cccc(-c3noc(-c4ccc5ncn(C)c5c4)n3)c2)C1,1
HGODEL0034-21-21-912,CNC(=O)CC1CCN(C(=O)Cc2cc(-c3noc(-c4ccc(C)c(C)c4)n3)ccc2OC)CC1,1
HGODEL0034-181-122-389,CCN(C(=O)CCc1cc(-c2noc(-c3ccc4c(C#N)c[nH]c4c3)n2)ccc1F)C1CN(C(C)=O)C1,1
HGODEL0034-259-81-159,CC(=O)NC1CCN(C(=O)C(C)(C)Cc2cccc(-c3noc(-c4ccc5ncn(C)c5c4)n3)c2)C1,1
HGODEL0034-190-86-918,CC(=O)NC1CCN(C(=O)C(C)Cc2ccc(F)c(-c3noc(-c4cc5cc(F)ccc5[nH]4)n3)c2)CC1,1
HGODEL0034-290-54-389,CC(=O)N1CCN(C(=O)C(C)Cc2cccc(-c3noc(-c4ccc5c(C#N)c[nH]c5c4)n3)c2)CC1C,1
HGODEL0034-190-84-1138,CC(=O)NC1CCN(C(=O)CCc2cccc(-c3noc(-c4ccnc5c4ncn5C)n3)c2)CC1,1
HGODEL0034-231-86-389,CC(=O)NC1CCCN(C(=O)C(C)Cc2ccc(F)c(-c3noc(-c4ccc5c(C#N)c[nH]c5c4)n3)c2)CC1,1
HGODEL0034-195-22-1138,CC(=O)NC[C@@H](C)NC(=O)CCc1ccc(-c2noc(-c3ccnc4c3ncn4C)n2)cc1,1
HGODEL0034-233-22-159,CC(=O)NCC(C)NC(=O)CCc1ccc(-c2noc(-c3ccc4ncn(C)c4c3)n2)cc1,1
HGODEL0034-289-54-1138,CC(=O)N[C@H]1CCN(C(=O)C(C)Cc2cccc(-c3noc(-c4ccnc5c4ncn5C)n3)c2)[C@H](C)C1,1
HGODEL0034-272-54-159,CC(=O)N1CCN(C(=O)C(C)Cc2cccc(-c3noc(-c4ccc5ncn(C)c5c4)n3)c2)[C@H](C)C1,1
HGODEL0032-75-142-96,CNC(=O)C#CC1CCCN(C(=O)c2ccc3cc(C#Cc4ccc5ncsc5c4)ccc3c2)C1,1
HGODEL0034-218-54-660,CC(=O)N1CCCN(C(=O)C(C)Cc2cccc(-c3noc(/C=C/c4ccccc4)n3)c2)CC1,1
HGODEL0034-229-39-159,COc1ccc(-c2noc(-c3ccc4ncn(C)c4c3)n2)cc1CC(=O)N1CCC(CNC(C)=O)C1,1
HGODEL0034-231-54-1247,CC(=O)NC1CCCN(C(=O)C(C)Cc2cccc(-c3noc(-c4ccc5ncccc5c4)n3)c2)CC1,1
HGODEL0034-219-81-159,CC(=O)N[C@H]1CN(C(=O)C(C)(C)Cc2cccc(-c3noc(-c4ccc5ncn(C)c5c4)n3)c2)C[C@H]1O,1
HGODEL0034-240-54-389,CC(=O)N1CC(N(C)C(=O)C(C)Cc2cccc(-c3noc(-c4ccc5c(C#N)c[nH]c5c4)n3)c2)C1,1
HGODEL0034-203-54-1154,CC(=O)N1C[C@@H](C)N(C(=O)C(C)Cc2cccc(-c3noc(-c4cc5cccc(C)c5[nH]4)n3)c2)C[C@@H]1C,1
HGODEL0034-210-81-159,CC(=O)N[C@H]1CCN(C(=O)C(C)(C)Cc2cccc(-c3noc(-c4ccc5ncn(C)c5c4)n3)c2)C1,1
HGODEL0034-231-54-1154,CC(=O)NC1CCCN(C(=O)C(C)Cc2cccc(-c3noc(-c4cc5cccc(C)c5[nH]4)n3)c2)CC1,1
HGODEL0034-215-84-1154,CC(=O)NC1CN(C(=O)CCc2cccc(-c3noc(-c4cc5cccc(C)c5[nH]4)n3)c2)CC12CC2,1
HGODEL0034-190-54-26,CC(=O)NC1CCN(C(=O)C(C)Cc2cccc(-c3noc(/C=C/c4ccc(C#N)cc4)n3)c2)CC1,1
HGODEL0034-240-21-159,COc1ccc(-c2noc(-c3ccc4ncn(C)c4c3)n2)cc1CC(=O)N(C)C1CN(C(C)=O)C1,1
HGODEL0034-259-54-389,CC(=O)NC1CCN(C(=O)C(C)Cc2cccc(-c3noc(-c4ccc5c(C#N)c[nH]c5c4)n3)c2)C1,1
HGODEL0034-290-54-1154,CC(=O)N1CCN(C(=O)C(C)Cc2cccc(-c3noc(-c4cc5cccc(C)c5[nH]4)n3)c2)CC1C,1
HGODEL0034-254-84-159,CC(=O)NC[C@H]1CCCN(C(=O)CCc2cccc(-c3noc(-c4ccc5ncn(C)c5c4)n3)c2)C1,1
HGODEL0032-75-142-628,CNC(=O)C#CC1CCCN(C(=O)c2ccc3cc(C#Cc4cnc(OC)c(C)c4)ccc3c2)C1,1
HGODEL0034-181-84-918,CCN(C(=O)CCc1cccc(-c2noc(-c3cc4cc(F)ccc4[nH]3)n2)c1)C1CN(C(C)=O)C1,1
HGODEL0034-240-32-839,CC(=O)N1CC(N(C)C(=O)C2(Cc3cccc(-c4noc(/C=C/c5cccc(C)c5)n4)c3)CC2)C1,1
HGODEL0034-259-21-389,COc1ccc(-c2noc(-c3ccc4c(C#N)c[nH]c4c3)n2)cc1CC(=O)N1CCC(NC(C)=O)C1,1
HGODEL0034-259-54-1154,CC(=O)NC1CCN(C(=O)C(C)Cc2cccc(-c3noc(-c4cc5cccc(C)c5[nH]4)n3)c2)C1,1
HGODEL0034-259-86-159,CC(=O)NC1CCN(C(=O)C(C)Cc2ccc(F)c(-c3noc(-c4ccc5ncn(C)c5c4)n3)c2)C1,1
HGODEL0034-263-21-159,COc1ccc(-c2noc(-c3ccc4ncn(C)c4c3)n2)cc1CC(=O)N1CC(C2CN(C(C)=O)C2)C1,1
HGODEL0034-231-32-159,CC(=O)NC1CCCN(C(=O)C2(Cc3cccc(-c4noc(-c5ccc6ncn(C)c6c5)n4)c3)CC2)CC1,1
HGODEL0034-12-65-159,CNC(=O)C1CN(C(=O)Cc2cccc(-c3noc(-c4ccc5ncn(C)c5c4)n3)c2)CC12CC2,1
HGODEL0032-75-142-343,CNC(=O)C#CC1CCCN(C(=O)c2ccc3cc(C#Cc4cnc(N5CCCC5)nc4)ccc3c2)C1,1
HGODEL0034-190-54-1447,CC(=O)NC1CCN(C(=O)C(C)Cc2cccc(-c3noc(-c4cnc5c(c4)CCCO5)n3)c2)CC1,1
HGODEL0034-190-54-1274,CC(=O)NC1CCN(C(=O)C(C)Cc2cccc(-c3noc(-c4ccc(C)c(C)n4)n3)c2)CC1,1
HGODEL0034-247-13-1138,CC(=O)N1CCN(C(=O)C(C)Cc2ccc(-c3noc(-c4ccnc5c4ncn5C)n3)cc2)C(C)C1,1
HGODEL0034-181-54-1138,CCN(C(=O)C(C)Cc1cccc(-c2noc(-c3ccnc4c3ncn4C)n2)c1)C1CN(C(C)=O)C1,1
HGODEL0034-285-54-1154,CC(=O)N(C)C1CCN(C(=O)C(C)Cc2cccc(-c3noc(-c4cc5cccc(C)c5[nH]4)n3)c2)C1,1
HGODEL0034-231-54-899,CC(=O)NC1CCCN(C(=O)C(C)Cc2cccc(-c3noc(-c4ccc5nc(C)ccc5c4)n3)c2)CC1,1
HGODEL0034-254-32-389,CC(=O)NC[C@H]1CCCN(C(=O)C2(Cc3cccc(-c4noc(-c5ccc6c(C#N)c[nH]c6c5)n4)c3)CC2)C1,1
HGODEL0034-176-54-1138,CC(=O)N[C@@H]1CCN(C(=O)C(C)Cc2cccc(-c3noc(-c4ccnc5c4ncn5C)n3)c2)[C@H](C)C1,1
HGODEL0034-272-13-1138,CC(=O)N1CCN(C(=O)C(C)Cc2ccc(-c3noc(-c4ccnc5c4ncn5C)n3)cc2)[C@H](C)C1,1
HGODEL0034-240-54-1515,CC(=O)N1CC(N(C)C(=O)C(C)Cc2cccc(-c3noc(/C=C/c4ccccc4C)n3)c2)C1,1
HGODEL0034-200-21-159,COc1ccc(-c2noc(-c3ccc4ncn(C)c4c3)n2)cc1CC(=O)N1C[C@@H]2CCN(C(C)=O)[C@@H]2C1,1
HGODEL0034-190-86-389,CC(=O)NC1CCN(C(=O)C(C)Cc2ccc(F)c(-c3noc(-c4ccc5c(C#N)c[nH]c5c4)n3)c2)CC1,1
HGODEL0034-259-76-1380,CCc1ccc(-c2nc(-c3ccc(C(=O)N4CCC(NC(C)=O)C4)c(C)c3)no2)cc1CC,1
HGODEL0034-285-54-389,CC(=O)N(C)C1CCN(C(=O)C(C)Cc2cccc(-c3noc(-c4ccc5c(C#N)c[nH]c5c4)n3)c2)C1,1
HGODEL0034-223-32-839,CC(=O)N1CCC(N(C)C(=O)C2(Cc3cccc(-c4noc(/C=C/c5cccc(C)c5)n4)c3)CC2)CC1,1
HGODEL0034-240-236-159,CC(=O)N1CC(N(C)C(=O)CCSc2ccc(-c3noc(-c4ccc5ncn(C)c5c4)n3)cc2)C1,1
HGODEL0034-190-54-1015,CC(=O)NC1CCN(C(=O)C(C)Cc2cccc(-c3noc(-c4cnc5[nH]nc(C)c5c4)n3)c2)CC1,1
HGODEL0034-21-21-1005,CNC(=O)CC1CCN(C(=O)Cc2cc(-c3noc(-c4cc5c(C#N)cccc5[nH]4)n3)ccc2OC)CC1,1
HGODEL0034-210-164-389,CC(=O)N[C@H]1CCN(C(=O)C(C)c2cccc(-c3noc(-c4ccc5c(C#N)c[nH]c5c4)n3)c2)C1,1
HGODEL0034-240-54-155,CC(=O)N1CC(N(C)C(=O)C(C)Cc2cccc(-c3noc(-c4ccc5c(c4)CCOC5)n3)c2)C1,1
HGODEL0034-190-54-876,CC(=O)Nc1ccc(-c2nc(-c3cccc(CC(C)C(=O)N4CCC(NC(C)=O)CC4)c3)no2)cn1,1
HGODEL0034-240-54-1154,CC(=O)N1CC(N(C)C(=O)C(C)Cc2cccc(-c3noc(-c4cc5cccc(C)c5[nH]4)n3)c2)C1,1
HGODEL0034-181-32-1154,CCN(C(=O)C1(Cc2cccc(-c3noc(-c4cc5cccc(C)c5[nH]4)n3)c2)CC1)C1CN(C(C)=O)C1,1
HGODEL0034-178-108-1154,CC(=O)N1CCN(C(=O)C2(Cc3ccc(-c4noc(-c5cc6cccc(C)c6[nH]5)n4)cc3)CC2)[C@@H](C)C1,1
HGODEL0034-289-32-389,CC(=O)N[C@H]1CCN(C(=O)C2(Cc3cccc(-c4noc(-c5ccc6c(C#N)c[nH]c6c5)n4)c3)CC2)[C@H](C)C1,1
HGODEL0034-272-230-159,CC(=O)N1CCN(C(=O)CSCc2ccc(-c3noc(-c4ccc5ncn(C)c5c4)n3)cc2)[C@H](C)C1,1
HGODEL0034-215-84-389,CC(=O)NC1CN(C(=O)CCc2cccc(-c3noc(-c4ccc5c(C#N)c[nH]c5c4)n3)c2)CC12CC2,1
HGODEL0034-284-54-389,CC(=O)N1CCN(C(=O)C(C)Cc2cccc(-c3noc(-c4ccc5c(C#N)c[nH]c5c4)n3)c2)CC12CC2,1
HGODEL0032-383-47-295,CC(=O)Nc1cnn(C2CCN(C(=O)COc3ccc(C#Cc4ccnc(O)c4)cn3)CC2)c1,1
HGODEL0034-293-13-159,CCC(CNC(C)=O)NC(=O)C(C)Cc1ccc(-c2noc(-c3ccc4ncn(C)c4c3)n2)cc1,1
HGODEL0034-259-76-159,CC(=O)NC1CCN(C(=O)c2ccc(-c3noc(-c4ccc5ncn(C)c5c4)n3)cc2C)C1,1
HGODEL0034-115-21-159,CNC(=O)C1[C@H]2CCN(C(=O)Cc3cc(-c4noc(-c5ccc6ncn(C)c6c5)n4)ccc3OC)C[C@@H]12,1
HGODEL0032-304-443-479,CC(=O)N1CCCN(C(=O)C(C)Cc2ccc(C#Cc3cc(C#N)n(C)c3)cc2)CC1,1
HGODEL0034-240-32-864,CNc1ncc(-c2nc(-c3cccc(CC4(C(=O)N(C)C5CN(C(C)=O)C5)CC4)c3)no2)cn1,1
HGODEL0034-210-54-918,CC(=O)N[C@H]1CCN(C(=O)C(C)Cc2cccc(-c3noc(-c4cc5cc(F)ccc5[nH]4)n3)c2)C1,1
HGODEL0034-285-106-159,CC(=O)N(C)C1CCN(C(=O)Cc2c(F)ccc(-c3noc(-c4ccc5ncn(C)c5c4)n3)c2F)C1,1
HGODEL0034-223-32-876,CC(=O)Nc1ccc(-c2nc(-c3cccc(CC4(C(=O)N(C)C5CCN(C(C)=O)CC5)CC4)c3)no2)cn1,1
HGODEL0032-75-142-291,CNC(=O)C#CC1CCCN(C(=O)c2ccc3cc(C#Cc4ccc(C5(C#N)CC5)cc4)ccc3c2)C1,1
HGODEL0034-247-108-1138,CC(=O)N1CCN(C(=O)C2(Cc3ccc(-c4noc(-c5ccnc6c5ncn6C)n4)cc3)CC2)C(C)C1,1
HGODEL0034-247-54-159,CC(=O)N1CCN(C(=O)C(C)Cc2cccc(-c3noc(-c4ccc5ncn(C)c5c4)n3)c2)C(C)C1,1
HGODEL0034-223-86-159,CC(=O)N1CCC(N(C)C(=O)C(C)Cc2ccc(F)c(-c3noc(-c4ccc5ncn(C)c5c4)n3)c2)CC1,1
HGODEL0034-207-13-1154,CC(=O)N1C2CCC1CN(C(=O)C(C)Cc1ccc(-c3noc(-c4cc5cccc(C)c5[nH]4)n3)cc1)C2,1
HGODEL0034-21-106-389,CNC(=O)CC1CCN(C(=O)Cc2c(F)ccc(-c3noc(-c4ccc5c(C#N)c[nH]c5c4)n3)c2F)CC1,1
HGODEL0034-240-54-828,CC(=O)N1CC(N(C)C(=O)C(C)Cc2cccc(-c3noc(-c4ccc(C#N)c(C)c4)n3)c2)C1,1
HGODEL0034-240-54-843,CC(=O)N1CC(N(C)C(=O)C(C)Cc2cccc(-c3noc(/C=C/c4cccc(F)c4)n3)c2)C1,1
HGODEL0032-75-142-559,CNC(=O)C#CC1CCCN(C(=O)c2ccc3cc(C#Cc4cc5cccnc5s4)ccc3c2)C1,1
HGODEL0034-240-54-1399,CC(=O)N1CC(N(C)C(=O)C(C)Cc2cccc(-c3noc(-c4ccc5c(c4)CCO5)n3)c2)C1,1
HGODEL0034-240-32-770,CCNc1ncc(-c2nc(-c3cccc(CC4(C(=O)N(C)C5CN(C(C)=O)C5)CC4)c3)no2)cn1,1
HGODEL0032-246-137-295,CNC(=O)c1cc2c(s1)CN(C(=O)Cc1cccc(C#Cc3ccnc(O)c3)c1)C2,1
HGODEL0034-207-54-389,CC(=O)N1C2CCC1CN(C(=O)C(C)Cc1cccc(-c3noc(-c4ccc5c(C#N)c[nH]c5c4)n3)c1)C2,1
HGODEL0034-190-54-285,CC(=O)NC1CCN(C(=O)C(C)Cc2cccc(-c3noc(/C=C/c4cccnc4)n3)c2)CC1,1
HGODEL0032-75-142-348,CNC(=O)C#CC1CCCN(C(=O)c2ccc3cc(C#Cc4cc(C)cc(OC)c4)ccc3c2)C1,1
HGODEL0034-240-84-899,CC(=O)N1CC(N(C)C(=O)CCc2cccc(-c3noc(-c4ccc5nc(C)ccc5c4)n3)c2)C1,1
HGODEL0034-218-54-155,CC(=O)N1CCCN(C(=O)C(C)Cc2cccc(-c3noc(-c4ccc5c(c4)CCOC5)n3)c2)CC1,1
HGODEL0034-240-86-389,CC(=O)N1CC(N(C)C(=O)C(C)Cc2ccc(F)c(-c3noc(-c4ccc5c(C#N)c[nH]c5c4)n3)c2)C1,1
HGODEL0032-75-142-551,CNC(=O)C#CC1CCCN(C(=O)c2ccc3cc(C#Cc4ccc5c(c4)oc(=O)n5C)ccc3c2)C1,1
HGODEL0034-218-86-918,CC(=O)N1CCCN(C(=O)C(C)Cc2ccc(F)c(-c3noc(-c4cc5cc(F)ccc5[nH]4)n3)c2)CC1,1
HGODEL0034-215-122-159,CC(=O)NC1CN(C(=O)CCc2cc(-c3noc(-c4ccc5ncn(C)c5c4)n3)ccc2F)CC12CC2,1
HGODEL0034-205-86-155,CC(=O)NC1CCN(C(=O)C(C)Cc2ccc(F)c(-c3noc(-c4ccc5c(c4)CCOC5)n3)c2)CC1,1
HGODEL0034-199-108-1138,CC[C@H]1CN(C(C)=O)CCN1C(=O)C1(Cc2ccc(-c3noc(-c4ccnc5c4ncn5C)n3)cc2)CC1,1
HGODEL0034-289-84-1154,CC(=O)N[C@H]1CCN(C(=O)CCc2cccc(-c3noc(-c4cc5cccc(C)c5[nH]4)n3)c2)[C@H](C)C1,1
HGODEL0034-181-39-159,CCN(C(=O)Cc1cc(-c2noc(-c3ccc4ncn(C)c4c3)n2)ccc1OC)C1CN(C(C)=O)C1,1
HGODEL0032-417-443-479,CC(=O)N1CCC2(CCN2C(=O)C(C)Cc2ccc(C#Cc3cc(C#N)n(C)c3)cc2)C1,1
HGODEL0044-834-702,CC(=O)Nc1ccc([C@@H]2CCCN(C(=O)c3ccc4c(c3)CN(c3cccc(OCC(C)C)c3)C4=O)C2)cc1,1
HGODEL0034-223-236-918,CC(=O)N1CCC(N(C)C(=O)CCSc2ccc(-c3noc(-c4cc5cc(F)ccc5[nH]4)n3)cc2)CC1,1
HGODEL0034-254-86-389,CC(=O)NC[C@H]1CCCN(C(=O)C(C)Cc2ccc(F)c(-c3noc(-c4ccc5c(C#N)c[nH]c5c4)n3)c2)C1,1
HGODEL0034-178-108-389,CC(=O)N1CCN(C(=O)C2(Cc3ccc(-c4noc(-c5ccc6c(C#N)c[nH]c6c5)n4)cc3)CC2)[C@@H](C)C1,1
HGODEL0032-389-251-295,CC(=O)NCC1(C)CCN(C(=O)c2cccc(C#Cc3ccnc(O)c3)c2)CC1,1
HGODEL0034-240-54-564,CC(=O)N1CC(N(C)C(=O)C(C)Cc2cccc(-c3noc(-c4cncc(C5CC5)c4)n3)c2)C1,1
HGODEL0034-12-106-159,CNC(=O)C1CN(C(=O)Cc2c(F)ccc(-c3noc(-c4ccc5ncn(C)c5c4)n3)c2F)CC12CC2,1
HGODEL0034-241-76-159,CC(=O)N[C@H]1CCCN(C(=O)c2ccc(-c3noc(-c4ccc5ncn(C)c5c4)n3)cc2C)C1,1
HGODEL0034-136-21-159,CCC1(C(=O)NC)CN(C(=O)Cc2cc(-c3noc(-c4ccc5ncn(C)c5c4)n3)ccc2OC)C1,1
HGODEL0032-279-211-479,CNC(=O)CC1c2ccccc2CN1C(=O)C1(c2cccc(C#Cc3cc(C#N)n(C)c3)c2)CCCCC1,1
HGODEL0034-254-84-389,CC(=O)NC[C@H]1CCCN(C(=O)CCc2cccc(-c3noc(-c4ccc5c(C#N)c[nH]c5c4)n3)c2)C1,1
HGODEL0034-231-39-159,COc1ccc(-c2noc(-c3ccc4ncn(C)c4c3)n2)cc1CC(=O)N1CCCC(NC(C)=O)CC1,1
HGODEL0034-259-84-159,CC(=O)NC1CCN(C(=O)CCc2cccc(-c3noc(-c4ccc5ncn(C)c5c4)n3)c2)C1,1
HGODEL0034-208-21-389,COc1ccc(-c2noc(-c3ccc4c(C#N)c[nH]c4c3)n2)cc1CC(=O)N1CC[C@H](CNC(C)=O)C1,1
HGODEL0034-21-106-1154,CNC(=O)CC1CCN(C(=O)Cc2c(F)ccc(-c3noc(-c4cc5cccc(C)c5[nH]4)n3)c2F)CC1,1
HGODEL0034-289-84-1138,CC(=O)N[C@H]1CCN(C(=O)CCc2cccc(-c3noc(-c4ccnc5c4ncn5C)n3)c2)[C@H](C)C1,1
HGODEL0034-219-104-159,CC(=O)N[C@H]1CN(C(=O)CCc2cccc(-c3noc(-c4ccc5ncn(C)c5c4)n3)c2)C[C@H]1O,1
HGODEL0034-259-32-159,CC(=O)NC1CCN(C(=O)C2(Cc3cccc(-c4noc(-c5ccc6ncn(C)c6c5)n4)c3)CC2)C1,1
HGODEL0034-190-13-159,CC(=O)NC1CCN(C(=O)C(C)Cc2ccc(-c3noc(-c4ccc5ncn(C)c5c4)n3)cc2)CC1,1
HGODEL0034-240-54-976,CC(=O)N1CC(N(C)C(=O)C(C)Cc2cccc(-c3noc(-c4cnc5cnn(C)c5c4)n3)c2)C1,1
HGODEL0034-240-54-234,CC(=O)N1CC(N(C)C(=O)C(C)Cc2cccc(-c3noc(-c4cnc5[nH]c(C)nc5c4)n3)c2)C1,1
HGODEL0034-190-86-899,CC(=O)NC1CCN(C(=O)C(C)Cc2ccc(F)c(-c3noc(-c4ccc5nc(C)ccc5c4)n3)c2)CC1,1
HGODEL0034-290-86-159,CC(=O)N1CCN(C(=O)C(C)Cc2ccc(F)c(-c3noc(-c4ccc5ncn(C)c5c4)n3)c2)CC1C,1
HGODEL0034-190-104-899,CC(=O)NC1CCN(C(=O)CCc2cccc(-c3noc(-c4ccc5nc(C)ccc5c4)n3)c2)CC1,1
HGODEL0034-240-54-566,CC(=O)N1CC(N(C)C(=O)C(C)Cc2cccc(-c3noc(-c4ccnc(C5CC5)c4)n3)c2)C1,1
HGODEL0034-219-86-159,CC(=O)N[C@H]1CN(C(=O)C(C)Cc2ccc(F)c(-c3noc(-c4ccc5ncn(C)c5c4)n3)c2)C[C@H]1O,1
HGODEL0034-190-86-1380,CCc1ccc(-c2nc(-c3cc(CC(C)C(=O)N4CCC(NC(C)=O)CC4)ccc3F)no2)cc1CC,1
HGODEL0034-205-230-234,CC(=O)NC1CCN(C(=O)CSCc2ccc(-c3noc(-c4cnc5[nH]c(C)nc5c4)n3)cc2)CC1,1
HGODEL0032-305-281-295,CC(=O)N1C2CC1CN(C(=O)C(O)c1cccc(C#Cc3ccnc(O)c3)c1)C2,1
HGODEL0034-240-54-1447,CC(=O)N1CC(N(C)C(=O)C(C)Cc2cccc(-c3noc(-c4cnc5c(c4)CCCO5)n3)c2)C1,1
HGODEL0034-264-13-159,CC(=O)NCC1CCCN(C(=O)C(C)Cc2ccc(-c3noc(-c4ccc5ncn(C)c5c4)n3)cc2)C1,1
HGODEL0034-219-54-1154,CC(=O)N[C@H]1CN(C(=O)C(C)Cc2cccc(-c3noc(-c4cc5cccc(C)c5[nH]4)n3)c2)C[C@H]1O,1
HGODEL0034-289-84-389,CC(=O)N[C@H]1CCN(C(=O)CCc2cccc(-c3noc(-c4ccc5c(C#N)c[nH]c5c4)n3)c2)[C@H](C)C1,1
HGODEL0034-176-13-159,CC(=O)N[C@@H]1CCN(C(=O)C(C)Cc2ccc(-c3noc(-c4ccc5ncn(C)c5c4)n3)cc2)[C@H](C)C1,1
HGODEL0032-75-142-353,CNC(=O)C#CC1CCCN(C(=O)c2ccc3cc(C#Cc4ccc(N(C)C)nc4)ccc3c2)C1,1
HGODEL0032-75-142-8,CNC(=O)C#CC1CCCN(C(=O)c2ccc3cc(C#Cc4ccc(C)c(C)c4)ccc3c2)C1,1
HGODEL0034-246-21-159,COc1ccc(-c2noc(-c3ccc4ncn(C)c4c3)n2)cc1CC(=O)NCCCN(C)C(C)=O,1
HGODEL0034-195-80-159,CC(=O)NC[C@@H](C)NC(=O)CCc1ccc(-c2noc(-c3ccc4ncn(C)c4c3)n2)cc1F,1
HGODEL0032-332-295-295,CC(=O)NCc1ccc2c(c1)CN(C(=O)C1CC(=O)N(c3cccc(C#Cc4ccnc(O)c4)c3)C1)C2,1
HGODEL0034-289-32-1154,CC(=O)N[C@H]1CCN(C(=O)C2(Cc3cccc(-c4noc(-c5cc6cccc(C)c6[nH]5)n4)c3)CC2)[C@H](C)C1,1
HGODEL0034-223-54-699,CC(=O)N1CCC(N(C)C(=O)C(C)Cc2cccc(-c3noc(/C=C/c4ccc(F)cc4)n3)c2)CC1,1
HGODEL0034-274-32-389,CC(=O)NC[C@@H]1CCCN(C(=O)C2(Cc3cccc(-c4noc(-c5ccc6c(C#N)c[nH]c6c5)n4)c3)CC2)C1,1
HGODEL0034-247-230-159,CC(=O)N1CCN(C(=O)CSCc2ccc(-c3noc(-c4ccc5ncn(C)c5c4)n3)cc2)C(C)C1,1
HGODEL0034-213-84-389,CC(=O)NC[C@H]1CCCN1C(=O)CCc1cccc(-c2noc(-c3ccc4c(C#N)c[nH]c4c3)n2)c1,1
HGODEL0034-205-32-976,CC(=O)NC1CCN(C(=O)C2(Cc3cccc(-c4noc(-c5cnc6cnn(C)c6c5)n4)c3)CC2)CC1,1
HGODEL0034-215-54-1154,CC(=O)NC1CN(C(=O)C(C)Cc2cccc(-c3noc(-c4cc5cccc(C)c5[nH]4)n3)c2)CC12CC2,1
HGODEL0034-170-255-698,CNC(=O)[C@@H]1CC[C@H](NC(=O)c2cccc(-c3noc(-c4cc[nH]c(=O)c4)n3)c2F)C1,1
HGODEL0034-215-81-1138,CC(=O)NC1CN(C(=O)C(C)(C)Cc2cccc(-c3noc(-c4ccnc5c4ncn5C)n3)c2)CC12CC2,1
HGODEL0032-75-142-318,CNC(=O)C#CC1CCCN(C(=O)c2ccc3cc(C#Cc4ccc(C#N)c(OC)c4)ccc3c2)C1,1
HGODEL0034-290-13-1154,CC(=O)N1CCN(C(=O)C(C)Cc2ccc(-c3noc(-c4cc5cccc(C)c5[nH]4)n3)cc2)CC1C,1
HGODEL0034-213-22-1138,CC(=O)NC[C@H]1CCCN1C(=O)CCc1ccc(-c2noc(-c3ccnc4c3ncn4C)n2)cc1,1
HGODEL0032-75-142-206,CNC(=O)C#CC1CCCN(C(=O)c2ccc3cc(C#Cc4ccc5c(n4)CCC5)ccc3c2)C1,1
HGODEL0034-207-108-159,CC(=O)N1C2CCC1CN(C(=O)C1(Cc3ccc(-c4noc(-c5ccc6ncn(C)c6c5)n4)cc3)CC1)C2,1
HGODEL0034-289-32-234,CC(=O)N[C@H]1CCN(C(=O)C2(Cc3cccc(-c4noc(-c5cnc6[nH]c(C)nc6c5)n4)c3)CC2)[C@H](C)C1,1
HGODEL0032-40-295-295,CNC(=O)c1ccc2c(c1)CN(C(=O)C1CC(=O)N(c3cccc(C#Cc4ccnc(O)c4)c3)C1)C2,1
HGODEL0034-210-21-1154,COc1ccc(-c2noc(-c3cc4cccc(C)c4[nH]3)n2)cc1CC(=O)N1CC[C@H](NC(C)=O)C1,1
HGODEL0034-190-86-341,COc1cc(-c2nc(-c3cc(CC(C)C(=O)N4CCC(NC(C)=O)CC4)ccc3F)no2)ccc1C,1
HGODEL0034-190-32-876,CC(=O)Nc1ccc(-c2nc(-c3cccc(CC4(C(=O)N5CCC(NC(C)=O)CC5)CC4)c3)no2)cn1,1
HGODEL0034-210-21-1247,COc1ccc(-c2noc(-c3ccc4ncccc4c3)n2)cc1CC(=O)N1CC[C@H](NC(C)=O)C1,1
HGODEL0034-215-54-1247,CC(=O)NC1CN(C(=O)C(C)Cc2cccc(-c3noc(-c4ccc5ncccc5c4)n3)c2)CC12CC2,1
HGODEL0034-254-21-159,COc1ccc(-c2noc(-c3ccc4ncn(C)c4c3)n2)cc1CC(=O)N1CCC[C@H](CNC(C)=O)C1,1
HGODEL0034-175-188-159,CCCC(CNC(C)=O)NC(=O)C(C)Cc1ccc(-c2noc(-c3ccc4ncn(C)c4c3)n2)cc1,1
HGODEL0034-210-84-1154,CC(=O)N[C@H]1CCN(C(=O)CCc2cccc(-c3noc(-c4cc5cccc(C)c5[nH]4)n3)c2)C1,1
HGODEL0034-284-54-839,CC(=O)N1CCN(C(=O)C(C)Cc2cccc(-c3noc(/C=C/c4cccc(C)c4)n3)c2)CC12CC2,1
HGODEL0034-237-13-1138,CC(=O)NCC1(C)CCN(C(=O)C(C)Cc2ccc(-c3noc(-c4ccnc5c4ncn5C)n3)cc2)C1,1
HGODEL0034-190-54-1154,CC(=O)NC1CCN(C(=O)C(C)Cc2cccc(-c3noc(-c4cc5cccc(C)c5[nH]4)n3)c2)CC1,1
HGODEL0034-285-21-1154,COc1ccc(-c2noc(-c3cc4cccc(C)c4[nH]3)n2)cc1CC(=O)N1CCC(N(C)C(C)=O)C1,1
HGODEL0034-190-54-46,CC(=O)NC1CCN(C(=O)C(C)Cc2cccc(-c3noc(/C=C/c4ccc(F)nc4)n3)c2)CC1,1
HGODEL0034-259-54-918,CC(=O)NC1CCN(C(=O)C(C)Cc2cccc(-c3noc(-c4cc5cc(F)ccc5[nH]4)n3)c2)C1,1
HGODEL0034-176-84-1154,CC(=O)N[C@@H]1CCN(C(=O)CCc2cccc(-c3noc(-c4cc5cccc(C)c5[nH]4)n3)c2)[C@H](C)C1,1
HGODEL0034-284-54-1247,CC(=O)N1CCN(C(=O)C(C)Cc2cccc(-c3noc(-c4ccc5ncccc5c4)n3)c2)CC12CC2,1
HGODEL0034-223-84-1247,CC(=O)N1CCC(N(C)C(=O)CCc2cccc(-c3noc(-c4ccc5ncccc5c4)n3)c2)CC1,1
HGODEL0034-240-84-1247,CC(=O)N1CC(N(C)C(=O)CCc2cccc(-c3noc(-c4ccc5ncccc5c4)n3)c2)C1,1
HGODEL0034-214-54-159,CC(=O)N[C@@H]1CCN(C(=O)C(C)Cc2cccc(-c3noc(-c4ccc5ncn(C)c5c4)n3)c2)C1,1
HGODEL0034-240-122-918,CC(=O)N1CC(N(C)C(=O)CCc2cc(-c3noc(-c4cc5cc(F)ccc5[nH]4)n3)ccc2F)C1,1
HGODEL0015-1149-395-124,Cc1nn(CCF)cc1N(C)C(=O)C1CC12CCC(NC(=O)c1ccc3c(C#N)c[nH]c3c1)CC2,1
HGODEL0034-210-76-1154,CC(=O)N[C@H]1CCN(C(=O)c2ccc(-c3noc(-c4cc5cccc(C)c5[nH]4)n3)cc2C)C1,1
HGODEL0034-219-21-159,COc1ccc(-c2noc(-c3ccc4ncn(C)c4c3)n2)cc1CC(=O)N1C[C@H](NC(C)=O)[C@H](O)C1,1
HGODEL0034-289-32-899,CC(=O)N[C@H]1CCN(C(=O)C2(Cc3cccc(-c4noc(-c5ccc6nc(C)ccc6c5)n4)c3)CC2)[C@H](C)C1,1
HGODEL0034-209-54-159,CC(=O)N1C2CC1CN(C(=O)C(C)Cc1cccc(-c3noc(-c4ccc5ncn(C)c5c4)n3)c1)C2,1
HGODEL0034-213-13-159,CC(=O)NC[C@H]1CCCN1C(=O)C(C)Cc1ccc(-c2noc(-c3ccc4ncn(C)c4c3)n2)cc1,1
HGODEL0034-190-54-979,CC(=O)NC1CCN(C(=O)C(C)Cc2cccc(-c3noc(C4=Cc5ccccc5C4)n3)c2)CC1,1
HGODEL0034-196-111-159,CCC1CN(C(C)=O)CCN1C(=O)C1(Cc2ccc(-c3noc(-c4ccc5ncn(C)c5c4)n3)cc2)CC1,1
HGODEL0034-216-22-159,CC(=O)N1CC2CCC1CN2C(=O)CCc1ccc(-c2noc(-c3ccc4ncn(C)c4c3)n2)cc1,1
HGODEL0034-190-54-1005,CC(=O)NC1CCN(C(=O)C(C)Cc2cccc(-c3noc(-c4cc5c(C#N)cccc5[nH]4)n3)c2)CC1,1
HGODEL0032-75-142-598,CNC(=O)C#CC1CCCN(C(=O)c2ccc3cc(C#Cc4ccc(N(C)C)c(C#N)c4)ccc3c2)C1,1
HGODEL0034-240-54-854,CC(=O)N1CC(N(C)C(=O)C(C)Cc2cccc(-c3noc(-c4cnc5ccccc5c4)n3)c2)C1,1
HGODEL0034-215-104-1138,CC(=O)NC1CN(C(=O)CCc2cccc(-c3noc(-c4ccnc5c4ncn5C)n3)c2)CC12CC2,1
HGODEL0034-274-54-159,CC(=O)NC[C@@H]1CCCN(C(=O)C(C)Cc2cccc(-c3noc(-c4ccc5ncn(C)c5c4)n3)c2)C1,1
HGODEL0034-272-54-389,CC(=O)N1CCN(C(=O)C(C)Cc2cccc(-c3noc(-c4ccc5c(C#N)c[nH]c5c4)n3)c2)[C@H](C)C1,1
HGODEL0034-190-84-1247,CC(=O)NC1CCN(C(=O)CCc2cccc(-c3noc(-c4ccc5ncccc5c4)n3)c2)CC1,1
HGODEL0034-254-86-1154,CC(=O)NC[C@H]1CCCN(C(=O)C(C)Cc2ccc(F)c(-c3noc(-c4cc5cccc(C)c5[nH]4)n3)c2)C1,1
HGODEL0034-190-54-1515,CC(=O)NC1CCN(C(=O)C(C)Cc2cccc(-c3noc(/C=C/c4ccccc4C)n3)c2)CC1,1
HGODEL0034-203-86-159,CC(=O)N1C[C@@H](C)N(C(=O)C(C)Cc2ccc(F)c(-c3noc(-c4ccc5ncn(C)c5c4)n3)c2)C[C@@H]1C,1
HGODEL0034-264-54-1247,CC(=O)NCC1CCCN(C(=O)C(C)Cc2cccc(-c3noc(-c4ccc5ncccc5c4)n3)c2)C1,1
HGODEL0034-181-21-1154,CCN(C(=O)Cc1cc(-c2noc(-c3cc4cccc(C)c4[nH]3)n2)ccc1OC)C1CN(C(C)=O)C1,1
HGODEL0034-259-106-159,CC(=O)NC1CCN(C(=O)Cc2c(F)ccc(-c3noc(-c4ccc5ncn(C)c5c4)n3)c2F)C1,1
HGODEL0034-289-54-159,CC(=O)N[C@H]1CCN(C(=O)C(C)Cc2cccc(-c3noc(-c4ccc5ncn(C)c5c4)n3)c2)[C@H](C)C1,1
HGODEL0034-190-32-1015,CC(=O)NC1CCN(C(=O)C2(Cc3cccc(-c4noc(-c5cnc6[nH]nc(C)c6c5)n4)c3)CC2)CC1,1
HGODEL0034-190-84-918,CC(=O)NC1CCN(C(=O)CCc2cccc(-c3noc(-c4cc5cc(F)ccc5[nH]4)n3)c2)CC1,1
HGODEL0034-210-79-1138,CC(=O)N[C@H]1CCN(C(=O)c2ccc(-c3noc(-c4ccnc5c4ncn5C)n3)cc2C)C1,1
HGODEL0034-179-54-159,CC(=O)N1C[C@@H](C)N(C(=O)C(C)Cc2cccc(-c3noc(-c4ccc5ncn(C)c5c4)n3)c2)C[C@H]1C,1
HGODEL0034-215-54-389,CC(=O)NC1CN(C(=O)C(C)Cc2cccc(-c3noc(-c4ccc5c(C#N)c[nH]c5c4)n3)c2)CC12CC2,1
HGODEL0034-215-54-918,CC(=O)NC1CN(C(=O)C(C)Cc2cccc(-c3noc(-c4cc5cc(F)ccc5[nH]4)n3)c2)CC12CC2,1
HGODEL0034-210-54-1247,CC(=O)N[C@H]1CCN(C(=O)C(C)Cc2cccc(-c3noc(-c4ccc5ncccc5c4)n3)c2)C1,1
HGODEL0034-274-21-389,COc1ccc(-c2noc(-c3ccc4c(C#N)c[nH]c4c3)n2)cc1CC(=O)N1CCC[C@@H](CNC(C)=O)C1,1
HGODEL0032-75-395-38,CNC(=O)C#CC1CCCN(C(=O)c2cc3ccc(C#Cc4cc(-c5ccco5)n(C)n4)cc3nc2C)C1,1
HGODEL0034-272-236-159,CC(=O)N1CCN(C(=O)CCSc2ccc(-c3noc(-c4ccc5ncn(C)c5c4)n3)cc2)[C@H](C)C1,1
HGODEL0034-285-13-159,CC(=O)N(C)C1CCN(C(=O)C(C)Cc2ccc(-c3noc(-c4ccc5ncn(C)c5c4)n3)cc2)C1,1
HGODEL0034-240-32-234,CC(=O)N1CC(N(C)C(=O)C2(Cc3cccc(-c4noc(-c5cnc6[nH]c(C)nc6c5)n4)c3)CC2)C1,1
HGODEL0034-176-86-159,CC(=O)N[C@@H]1CCN(C(=O)C(C)Cc2ccc(F)c(-c3noc(-c4ccc5ncn(C)c5c4)n3)c2)[C@H](C)C1,1
HGODEL0034-190-54-1263,CC(=O)NC1CCN(C(=O)C(C)Cc2cccc(-c3noc(-c4ccc5c(c4)CCCC5)n3)c2)CC1,1
HGODEL0034-231-54-918,CC(=O)NC1CCCN(C(=O)C(C)Cc2cccc(-c3noc(-c4cc5cc(F)ccc5[nH]4)n3)c2)CC1,1
HGODEL0034-238-13-159,CC(=O)N1C[C@H]2CN(C(=O)C(C)Cc3ccc(-c4noc(-c5ccc6ncn(C)c6c5)n4)cc3)C[C@H]2C1,1
HGODEL0034-255-13-159,CC(=O)NCC(C)CN(C)C(=O)C(C)Cc1ccc(-c2noc(-c3ccc4ncn(C)c4c3)n2)cc1,1
HGODEL0032-75-142-424,CNC(=O)C#CC1CCCN(C(=O)c2ccc3cc(C#Cc4ccc5c(c4)OCC5)ccc3c2)C1,1
HGODEL0034-284-86-389,CC(=O)N1CCN(C(=O)C(C)Cc2ccc(F)c(-c3noc(-c4ccc5c(C#N)c[nH]c5c4)n3)c2)CC12CC2,1
HGODEL0034-176-122-389,CC(=O)N[C@@H]1CCN(C(=O)CCc2cc(-c3noc(-c4ccc5c(C#N)c[nH]c5c4)n3)ccc2F)[C@H](C)C1,1
HGODEL0034-262-86-159,CC(=O)N1CC2(CCN(C(=O)C(C)Cc3ccc(F)c(-c4noc(-c5ccc6ncn(C)c6c5)n4)c3)C2)C1,1
HGODEL0034-178-13-1154,CC(=O)N1CCN(C(=O)C(C)Cc2ccc(-c3noc(-c4cc5cccc(C)c5[nH]4)n3)cc2)[C@@H](C)C1,1
HGODEL0034-259-164-389,CC(=O)NC1CCN(C(=O)C(C)c2cccc(-c3noc(-c4ccc5c(C#N)c[nH]c5c4)n3)c2)C1,1
HGODEL0034-264-84-159,CC(=O)NCC1CCCN(C(=O)CCc2cccc(-c3noc(-c4ccc5ncn(C)c5c4)n3)c2)C1,1
HGODEL0034-223-54-899,CC(=O)N1CCC(N(C)C(=O)C(C)Cc2cccc(-c3noc(-c4ccc5nc(C)ccc5c4)n3)c2)CC1,1
HGODEL0034-210-106-159,CC(=O)N[C@H]1CCN(C(=O)Cc2c(F)ccc(-c3noc(-c4ccc5ncn(C)c5c4)n3)c2F)C1,1
HGODEL0034-190-54-854,CC(=O)NC1CCN(C(=O)C(C)Cc2cccc(-c3noc(-c4cnc5ccccc5c4)n3)c2)CC1,1
HGODEL0034-285-86-389,CC(=O)N(C)C1CCN(C(=O)C(C)Cc2ccc(F)c(-c3noc(-c4ccc5c(C#N)c[nH]c5c4)n3)c2)C1,1
HGODEL0034-231-84-159,CC(=O)NC1CCCN(C(=O)CCc2cccc(-c3noc(-c4ccc5ncn(C)c5c4)n3)c2)CC1,1
HGODEL0034-233-22-1138,CC(=O)NCC(C)NC(=O)CCc1ccc(-c2noc(-c3ccnc4c3ncn4C)n2)cc1,1
HGODEL0034-240-21-1154,COc1ccc(-c2noc(-c3cc4cccc(C)c4[nH]3)n2)cc1CC(=O)N(C)C1CN(C(C)=O)C1,1
HGODEL0034-259-21-1247,COc1ccc(-c2noc(-c3ccc4ncccc4c3)n2)cc1CC(=O)N1CCC(NC(C)=O)C1,1
HGODEL0034-240-63-1154,CC(=O)N1CC(N(C)C(=O)C2(c3cccc(-c4noc(-c5cc6cccc(C)c6[nH]5)n4)c3)CC2)C1,1
HGODEL0032-385-443-479,CC(=O)N1CC2(CCN2C(=O)C(C)Cc2ccc(C#Cc3cc(C#N)n(C)c3)cc2)C1,1
HGODEL0034-284-54-899,CC(=O)N1CCN(C(=O)C(C)Cc2cccc(-c3noc(-c4ccc5nc(C)ccc5c4)n3)c2)CC12CC2,1
HGODEL0034-176-122-159,CC(=O)N[C@@H]1CCN(C(=O)CCc2cc(-c3noc(-c4ccc5ncn(C)c5c4)n3)ccc2F)[C@H](C)C1,1
HGODEL0034-203-54-389,CC(=O)N1C[C@@H](C)N(C(=O)C(C)Cc2cccc(-c3noc(-c4ccc5c(C#N)c[nH]c5c4)n3)c2)C[C@@H]1C,1
HGODEL0034-284-54-918,CC(=O)N1CCN(C(=O)C(C)Cc2cccc(-c3noc(-c4cc5cc(F)ccc5[nH]4)n3)c2)CC12CC2,1
HGODEL0034-223-54-1138,CC(=O)N1CCC(N(C)C(=O)C(C)Cc2cccc(-c3noc(-c4ccnc5c4ncn5C)n3)c2)CC1,1
HGODEL0034-210-36-159,COc1cc(-c2noc(-c3ccc4ncn(C)c4c3)n2)ccc1C(=O)N1CC[C@H](NC(C)=O)C1,1
HGODEL0034-220-13-159,CC(=O)NC[C@@H]1CCN(C(=O)C(C)Cc2ccc(-c3noc(-c4ccc5ncn(C)c5c4)n3)cc2)C1,1
HGODEL0032-296-89-38,CO[C@@H]1CN(C(=O)Cc2c[nH]c3cc(C#Cc4cc(-c5ccco5)n(C)n4)ccc23)CC[C@H]1NC(C)=O,1
HGODEL0034-176-54-159,CC(=O)N[C@@H]1CCN(C(=O)C(C)Cc2cccc(-c3noc(-c4ccc5ncn(C)c5c4)n3)c2)[C@H](C)C1,1
HGODEL0034-240-54-1282,CC(=O)N1CC(N(C)C(=O)C(C)Cc2cccc(-c3noc(/C=C/c4ccccn4)n3)c2)C1,1
HGODEL0034-264-21-159,COc1ccc(-c2noc(-c3ccc4ncn(C)c4c3)n2)cc1CC(=O)N1CCCC(CNC(C)=O)C1,1
HGODEL0034-231-86-1154,CC(=O)NC1CCCN(C(=O)C(C)Cc2ccc(F)c(-c3noc(-c4cc5cccc(C)c5[nH]4)n3)c2)CC1,1
HGODEL0034-272-54-1154,CC(=O)N1CCN(C(=O)C(C)Cc2cccc(-c3noc(-c4cc5cccc(C)c5[nH]4)n3)c2)[C@H](C)C1,1
HGODEL0034-259-79-1138,CC(=O)NC1CCN(C(=O)c2ccc(-c3noc(-c4ccnc5c4ncn5C)n3)cc2C)C1,1
HGODEL0032-75-142-271,CNC(=O)C#CC1CCCN(C(=O)c2ccc3cc(C#Cc4ccc5nc(C)ccc5c4)ccc3c2)C1,1
HGODEL0034-190-54-389,CC(=O)NC1CCN(C(=O)C(C)Cc2cccc(-c3noc(-c4ccc5c(C#N)c[nH]c5c4)n3)c2)CC1,1
HGODEL0034-145-13-159,CNC(=O)[C@@H]1[C@H]2CCN(C(=O)C(C)Cc3ccc(-c4noc(-c5ccc6ncn(C)c6c5)n4)cc3)[C@H]21,1
HGODEL0032-99-75-291,CNC(=O)C1C[C@@H]2CC[C@H](C1)N2C(=O)c1c(-c2ccc(C#Cc3ccc(C4(C#N)CC4)cc3)cc2)noc1C(C)(C)C,1
HGODEL0034-210-36-1154,COc1cc(-c2noc(-c3cc4cccc(C)c4[nH]3)n2)ccc1C(=O)N1CC[C@H](NC(C)=O)C1,1
HGODEL0034-190-32-864,CNc1ncc(-c2nc(-c3cccc(CC4(C(=O)N5CCC(NC(C)=O)CC5)CC4)c3)no2)cn1,1
HGODEL0034-219-54-918,CC(=O)N[C@H]1CN(C(=O)C(C)Cc2cccc(-c3noc(-c4cc5cc(F)ccc5[nH]4)n3)c2)C[C@H]1O,1
HGODEL0034-181-86-159,CCN(C(=O)C(C)Cc1ccc(F)c(-c2noc(-c3ccc4ncn(C)c4c3)n2)c1)C1CN(C(C)=O)C1,1
HGODEL0034-190-86-912,CC(=O)NC1CCN(C(=O)C(C)Cc2ccc(F)c(-c3noc(-c4ccc(C)c(C)c4)n3)c2)CC1,1
HGODEL0034-190-236-159,CC(=O)NC1CCN(C(=O)CCSc2ccc(-c3noc(-c4ccc5ncn(C)c5c4)n3)cc2)CC1,1
HGODEL0034-218-86-1247,CC(=O)N1CCCN(C(=O)C(C)Cc2ccc(F)c(-c3noc(-c4ccc5ncccc5c4)n3)c2)CC1,1
HGODEL0034-190-54-248,CC(=O)NC1CCN(C(=O)C(C)Cc2cccc(-c3noc(/C=C/c4ccncc4)n3)c2)CC1,1
HGODEL0034-262-275-159,CC(=O)N1CC2(CCN(C(=O)[C@@H]3C[C@H]3c3cccc(-c4noc(-c5ccc6ncn(C)c6c5)n4)c3)C2)C1,1
HGODEL0034-215-86-1154,CC(=O)NC1CN(C(=O)C(C)Cc2ccc(F)c(-c3noc(-c4cc5cccc(C)c5[nH]4)n3)c2)CC12CC2,1
HGODEL0034-210-2-389,CC(=O)N[C@H]1CCN(C(=O)Cc2cccc(-c3noc(-c4ccc5c(C#N)c[nH]c5c4)n3)c2)C1,1
HGODEL0034-190-32-839,CC(=O)NC1CCN(C(=O)C2(Cc3cccc(-c4noc(/C=C/c5cccc(C)c5)n4)c3)CC2)CC1,1
HGODEL0034-199-13-159,CC[C@H]1CN(C(C)=O)CCN1C(=O)C(C)Cc1ccc(-c2noc(-c3ccc4ncn(C)c4c3)n2)cc1,1
HGODEL0032-75-142-594,CNC(=O)C#CC1CCCN(C(=O)c2ccc3cc(C#Cc4cnc5c(F)cccc5c4)ccc3c2)C1,1
HGODEL0034-12-21-389,CNC(=O)C1CN(C(=O)Cc2cc(-c3noc(-c4ccc5c(C#N)c[nH]c5c4)n3)ccc2OC)CC12CC2,1
HGODEL0034-176-22-159,CC(=O)N[C@@H]1CCN(C(=O)CCc2ccc(-c3noc(-c4ccc5ncn(C)c5c4)n3)cc2)[C@H](C)C1,1
HGODEL0034-181-32-389,CCN(C(=O)C1(Cc2cccc(-c3noc(-c4ccc5c(C#N)c[nH]c5c4)n3)c2)CC1)C1CN(C(C)=O)C1,1
HGODEL0034-284-54-1154,CC(=O)N1CCN(C(=O)C(C)Cc2cccc(-c3noc(-c4cc5cccc(C)c5[nH]4)n3)c2)CC12CC2,1
HGODEL0044-834-1523,CC(=O)Nc1ccc([C@@H]2CCCN(C(=O)c3ccc4c(c3)CN(c3cccc(OC5CCCC5)c3)C4=O)C2)cc1,1
HGODEL0034-190-54-855,CC(=O)NC1CCN(C(=O)C(C)Cc2cccc(-c3noc(-c4ccc5ccccc5c4)n3)c2)CC1,1
HGODEL0034-209-54-1154,CC(=O)N1C2CC1CN(C(=O)C(C)Cc1cccc(-c3noc(-c4cc5cccc(C)c5[nH]4)n3)c1)C2,1
HGODEL0034-293-22-159,CCC(CNC(C)=O)NC(=O)CCc1ccc(-c2noc(-c3ccc4ncn(C)c4c3)n2)cc1,1
HGODEL0032-75-142-10,CNC(=O)C#CC1CCCN(C(=O)c2ccc3cc(C#Cc4ccc5ccsc5c4)ccc3c2)C1,1
HGODEL0032-322-104-38,CC(=O)NC1CN(C(=O)CCCc2ccc(C#Cc3cc(-c4ccco4)n(C)n3)cc2)CCC12CCC2,1
HGODEL0034-240-86-918,CC(=O)N1CC(N(C)C(=O)C(C)Cc2ccc(F)c(-c3noc(-c4cc5cc(F)ccc5[nH]4)n3)c2)C1,1
HGODEL0032-292-443-479,CC(=O)N1CCC2(CC1)CCN2C(=O)C(C)Cc1ccc(C#Cc2cc(C#N)n(C)c2)cc1,1
HGODEL0034-240-86-1380,CCc1ccc(-c2nc(-c3cc(CC(C)C(=O)N(C)C4CN(C(C)=O)C4)ccc3F)no2)cc1CC,1
HGODEL0034-259-84-1154,CC(=O)NC1CCN(C(=O)CCc2cccc(-c3noc(-c4cc5cccc(C)c5[nH]4)n3)c2)C1,1
HGODEL0034-190-54-1061,CC(=O)NC1CCN(C(=O)C(C)Cc2cccc(-c3noc(-c4cc(C)c(C#N)c(C)c4)n3)c2)CC1,1
HGODEL0034-208-106-159,CC(=O)NC[C@H]1CCN(C(=O)Cc2c(F)ccc(-c3noc(-c4ccc5ncn(C)c5c4)n3)c2F)C1,1
HGODEL0034-231-54-839,CC(=O)NC1CCCN(C(=O)C(C)Cc2cccc(-c3noc(/C=C/c4cccc(C)c4)n3)c2)CC1,1
HGODEL0034-190-54-1223,CC(=O)NC1CCN(C(=O)C(C)Cc2cccc(-c3noc(-c4cc5sccc5s4)n3)c2)CC1,1
HGODEL0034-181-54-159,CCN(C(=O)C(C)Cc1cccc(-c2noc(-c3ccc4ncn(C)c4c3)n2)c1)C1CN(C(C)=O)C1,1
HGODEL0034-223-122-899,CC(=O)N1CCC(N(C)C(=O)CCc2cc(-c3noc(-c4ccc5nc(C)ccc5c4)n3)ccc2F)CC1,1
HGODEL0034-240-54-1005,CC(=O)N1CC(N(C)C(=O)C(C)Cc2cccc(-c3noc(-c4cc5c(C#N)cccc5[nH]4)n3)c2)C1,1
HGODEL0034-285-21-1247,COc1ccc(-c2noc(-c3ccc4ncccc4c3)n2)cc1CC(=O)N1CCC(N(C)C(C)=O)C1,1
HGODEL0034-216-13-1154,CC(=O)N1CC2CCC1CN2C(=O)C(C)Cc1ccc(-c2noc(-c3cc4cccc(C)c4[nH]3)n2)cc1,1
HGODEL0034-223-32-699,CC(=O)N1CCC(N(C)C(=O)C2(Cc3cccc(-c4noc(/C=C/c5ccc(F)cc5)n4)c3)CC2)CC1,1
HGODEL0034-210-32-159,CC(=O)N[C@H]1CCN(C(=O)C2(Cc3cccc(-c4noc(-c5ccc6ncn(C)c6c5)n4)c3)CC2)C1,1
HGODEL0034-210-54-899,CC(=O)N[C@H]1CCN(C(=O)C(C)Cc2cccc(-c3noc(-c4ccc5nc(C)ccc5c4)n3)c2)C1,1
HGODEL0034-190-86-828,CC(=O)NC1CCN(C(=O)C(C)Cc2ccc(F)c(-c3noc(-c4ccc(C#N)c(C)c4)n3)c2)CC1,1
HGODEL0034-223-54-1154,CC(=O)N1CCC(N(C)C(=O)C(C)Cc2cccc(-c3noc(-c4cc5cccc(C)c5[nH]4)n3)c2)CC1,1
HGODEL0015-1042-395-124,CN(CC(C)(C)c1cccnc1)C(=O)C1CC12CCC(NC(=O)c1ccc3c(C#N)c[nH]c3c1)CC2,1
HGODEL0034-284-84-159,CC(=O)N1CCN(C(=O)CCc2cccc(-c3noc(-c4ccc5ncn(C)c5c4)n3)c2)CC12CC2,1
HGODEL0032-75-142-136,CNC(=O)C#CC1CCCN(C(=O)c2ccc3cc(C#Cc4ccc(SC)c(OC)c4)ccc3c2)C1,1
HGODEL0034-240-32-1515,CC(=O)N1CC(N(C)C(=O)C2(Cc3cccc(-c4noc(/C=C/c5ccccc5C)n4)c3)CC2)C1,1
HGODEL0034-218-84-389,CC(=O)N1CCCN(C(=O)CCc2cccc(-c3noc(-c4ccc5c(C#N)c[nH]c5c4)n3)c2)CC1,1
HGODEL0034-234-39-159,COc1ccc(-c2noc(-c3ccc4ncn(C)c4c3)n2)cc1CC(=O)N1CC(NC(C)=O)C(C)(C)C1,1
HGODEL0034-223-236-1247,CC(=O)N1CCC(N(C)C(=O)CCSc2ccc(-c3noc(-c4ccc5ncccc5c4)n3)cc2)CC1,1
HGODEL0034-240-54-701,CC(=O)N1CC(N(C)C(=O)C(C)Cc2cccc(-c3noc(/C=C/c4c(F)cccc4F)n3)c2)C1,1
HGODEL0034-55-7-868,CNC(=O)C1CCN(C(=O)[C@@H]2C[C@H]2c2ccncc2-c2noc(CC(C)n3nc(C)nc3C)n2)CC1,1
HGODEL0032-75-142-193,CNC(=O)C#CC1CCCN(C(=O)c2ccc3cc(C#Cc4ccc5c(c4)nnn5C)ccc3c2)C1,1
HGODEL0034-210-119-159,COc1cc(CC(=O)N2CC[C@H](NC(C)=O)C2)cc(-c2noc(-c3ccc4ncn(C)c4c3)n2)c1,1
HGODEL0034-254-32-899,CC(=O)NC[C@H]1CCCN(C(=O)C2(Cc3cccc(-c4noc(-c5ccc6nc(C)ccc6c5)n4)c3)CC2)C1,1
HGODEL0034-259-76-1154,CC(=O)NC1CCN(C(=O)c2ccc(-c3noc(-c4cc5cccc(C)c5[nH]4)n3)cc2C)C1,1
HGODEL0034-220-135-159,COc1cc(-c2noc(-c3ccc4ncn(C)c4c3)n2)ccc1C(=O)N1CC[C@@H](CNC(C)=O)C1,1
HGODEL0019-4-146-64,CNC(=O)[C@@H]1C[C@@H](Cc2ccc(-c3ccc4ncn(C)c4c3)cc2)CN1Cc1cccc2ccncc12,1
HGODEL0034-274-81-159,CC(=O)NC[C@@H]1CCCN(C(=O)C(C)(C)Cc2cccc(-c3noc(-c4ccc5ncn(C)c5c4)n3)c2)C1,1
HGODEL0034-89-2-159,CNC(=O)[C@@H]1CN(C(=O)Cc2cccc(-c3noc(-c4ccc5ncn(C)c5c4)n3)c2)C[C@H]1C,1
HGODEL0034-240-54-1570,CC(=O)N1CC(N(C)C(=O)C(C)Cc2cccc(-c3noc(-c4cc5ccccc5s4)n3)c2)C1,1
HGODEL0034-240-54-855,CC(=O)N1CC(N(C)C(=O)C(C)Cc2cccc(-c3noc(-c4ccc5ccccc5c4)n3)c2)C1,1
HGODEL0034-181-54-839,CCN(C(=O)C(C)Cc1cccc(-c2noc(/C=C/c3cccc(C)c3)n2)c1)C1CN(C(C)=O)C1,1
HGODEL0034-259-36-159,COc1cc(-c2noc(-c3ccc4ncn(C)c4c3)n2)ccc1C(=O)N1CCC(NC(C)=O)C1,1
HGODEL0034-184-13-1138,CC(=O)N1CCC(C)(CNC(=O)C(C)Cc2ccc(-c3noc(-c4ccnc5c4ncn5C)n3)cc2)C1,1
HGODEL0034-210-21-918,COc1ccc(-c2noc(-c3cc4cc(F)ccc4[nH]3)n2)cc1CC(=O)N1CC[C@H](NC(C)=O)C1,1
HGODEL0032-75-142-205,CNC(=O)C#CC1CCCN(C(=O)c2ccc3cc(C#Cc4ccc5occc5c4)ccc3c2)C1,1
HGODEL0034-181-32-918,CCN(C(=O)C1(Cc2cccc(-c3noc(-c4cc5cc(F)ccc5[nH]4)n3)c2)CC1)C1CN(C(C)=O)C1,1
HGODEL0034-223-236-1138,CC(=O)N1CCC(N(C)C(=O)CCSc2ccc(-c3noc(-c4ccnc5c4ncn5C)n3)cc2)CC1,1
HGODEL0034-240-86-341,COc1cc(-c2nc(-c3cc(CC(C)C(=O)N(C)C4CN(C(C)=O)C4)ccc3F)no2)ccc1C,1
HGODEL0034-274-13-159,CC(=O)NC[C@@H]1CCCN(C(=O)C(C)Cc2ccc(-c3noc(-c4ccc5ncn(C)c5c4)n3)cc2)C1,1
HGODEL0034-284-54-1138,CC(=O)N1CCN(C(=O)C(C)Cc2cccc(-c3noc(-c4ccnc5c4ncn5C)n3)c2)CC12CC2,1
HGODEL0032-441-251-295,CC(=O)NCC1(O)CCN(C(=O)c2cccc(C#Cc3ccnc(O)c3)c2)CC1,1
HGODEL0034-240-122-899,CC(=O)N1CC(N(C)C(=O)CCc2cc(-c3noc(-c4ccc5nc(C)ccc5c4)n3)ccc2F)C1,1
HGODEL0034-210-84-389,CC(=O)N[C@H]1CCN(C(=O)CCc2cccc(-c3noc(-c4ccc5c(C#N)c[nH]c5c4)n3)c2)C1,1
HGODEL0032-339-443-479,CC(=O)NCc1ccc2c(c1)CCN(C(=O)C(C)Cc1ccc(C#Cc3cc(C#N)n(C)c3)cc1)C2,1
HGODEL0032-282-137-295,CC(=O)NCC1CC2(CC2)CN1C(=O)Cc1cccc(C#Cc2ccnc(O)c2)c1,1
HGODEL0034-190-54-1253,CC(=O)NC1CCN(C(=O)C(C)Cc2cccc(-c3noc(-c4cc5c(C)cccc5[nH]4)n3)c2)CC1,1
HGODEL0034-240-83-1154,CC(=O)N1CC(N(C)C(=O)C2(c3cccc(-c4noc(-c5cc6cccc(C)c6[nH]5)n4)c3)CCC2)C1,1
HGODEL0034-213-254-159,CC(=O)NC[C@H]1CCCN1C(=O)CCc1ccc(-c2noc(-c3ccc4ncn(C)c4c3)n2)cc1F,1
HGODEL0034-190-86-839,CC(=O)NC1CCN(C(=O)C(C)Cc2ccc(F)c(-c3noc(/C=C/c4cccc(C)c4)n3)c2)CC1,1
HGODEL0034-210-2-159,CC(=O)N[C@H]1CCN(C(=O)Cc2cccc(-c3noc(-c4ccc5ncn(C)c5c4)n3)c2)C1,1
HGODEL0034-293-13-1138,CCC(CNC(C)=O)NC(=O)C(C)Cc1ccc(-c2noc(-c3ccnc4c3ncn4C)n2)cc1,1
HGODEL0034-207-13-389,CC(=O)N1C2CCC1CN(C(=O)C(C)Cc1ccc(-c3noc(-c4ccc5c(C#N)c[nH]c5c4)n3)cc1)C2,1
HGODEL0034-290-86-1154,CC(=O)N1CCN(C(=O)C(C)Cc2ccc(F)c(-c3noc(-c4cc5cccc(C)c5[nH]4)n3)c2)CC1C,1
HGODEL0034-288-13-1138,CC(=O)NCCNC(=O)C(C)Cc1ccc(-c2noc(-c3ccnc4c3ncn4C)n2)cc1,1
HGODEL0032-417-126-295,CC(=O)N1CCC2(CCN2C(=O)c2cc(F)cc(C#Cc3ccnc(O)c3)c2)C1,1
HGODEL0034-181-84-1138,CCN(C(=O)CCc1cccc(-c2noc(-c3ccnc4c3ncn4C)n2)c1)C1CN(C(C)=O)C1,1
HGODEL0034-240-54-26,CC(=O)N1CC(N(C)C(=O)C(C)Cc2cccc(-c3noc(/C=C/c4ccc(C#N)cc4)n3)c2)C1,1
HGODEL0034-210-86-1154,CC(=O)N[C@H]1CCN(C(=O)C(C)Cc2ccc(F)c(-c3noc(-c4cc5cccc(C)c5[nH]4)n3)c2)C1,1
HGODEL0032-361-172-295,CC(=O)N1CC2CCCN(C(=O)c3cc(F)cc(C#Cc4ccnc(O)c4)c3)C2C1,1
HGODEL0034-289-32-918,CC(=O)N[C@H]1CCN(C(=O)C2(Cc3cccc(-c4noc(-c5cc6cc(F)ccc6[nH]5)n4)c3)CC2)[C@H](C)C1,1
HGODEL0034-196-108-1138,CCC1CN(C(C)=O)CCN1C(=O)C1(Cc2ccc(-c3noc(-c4ccnc5c4ncn5C)n3)cc2)CC1,1
HGODEL0032-75-142-355,CNC(=O)C#CC1CCCN(C(=O)c2ccc3cc(C#Cc4ccc(SC)cc4)ccc3c2)C1,1
HGODEL0034-240-54-1253,CC(=O)N1CC(N(C)C(=O)C(C)Cc2cccc(-c3noc(-c4cc5c(C)cccc5[nH]4)n3)c2)C1,1
HGODEL0034-178-108-1247,CC(=O)N1CCN(C(=O)C2(Cc3ccc(-c4noc(-c5ccc6ncccc6c5)n4)cc3)CC2)[C@@H](C)C1,1
HGODEL0034-290-38-159,CC(=O)N1CCN(C(=O)c2cccn2-c2ccc(-c3noc(-c4ccc5ncn(C)c5c4)n3)cc2)CC1C,1
HGODEL0034-214-54-1154,CC(=O)N[C@@H]1CCN(C(=O)C(C)Cc2cccc(-c3noc(-c4cc5cccc(C)c5[nH]4)n3)c2)C1,1
HGODEL0034-210-76-918,CC(=O)N[C@H]1CCN(C(=O)c2ccc(-c3noc(-c4cc5cc(F)ccc5[nH]4)n3)cc2C)C1,1
HGODEL0034-231-32-1138,CC(=O)NC1CCCN(C(=O)C2(Cc3cccc(-c4noc(-c5ccnc6c5ncn6C)n4)c3)CC2)CC1,1
HGODEL0034-289-32-1247,CC(=O)N[C@H]1CCN(C(=O)C2(Cc3cccc(-c4noc(-c5ccc6ncccc6c5)n4)c3)CC2)[C@H](C)C1,1
HGODEL0034-190-86-1399,CC(=O)NC1CCN(C(=O)C(C)Cc2ccc(F)c(-c3noc(-c4ccc5c(c4)CCO5)n3)c2)CC1,1
HGODEL0034-190-54-955,CC(=O)NC1CCN(C(=O)C(C)Cc2cccc(-c3noc(-c4ccc(C5(C#N)CC5)cc4)n3)c2)CC1,1
HGODEL0034-190-54-1570,CC(=O)NC1CCN(C(=O)C(C)Cc2cccc(-c3noc(-c4cc5ccccc5s4)n3)c2)CC1,1
HGODEL0034-219-104-1154,CC(=O)N[C@H]1CN(C(=O)CCc2cccc(-c3noc(-c4cc5cccc(C)c5[nH]4)n3)c2)C[C@H]1O,1
HGODEL0034-259-54-1247,CC(=O)NC1CCN(C(=O)C(C)Cc2cccc(-c3noc(-c4ccc5ncccc5c4)n3)c2)C1,1
HGODEL0034-229-252-159,CC(=O)NCC1CCN(C(=O)[C@@H]2C[C@H]2c2ccc(-c3noc(-c4ccc5ncn(C)c5c4)n3)cc2)C1,1
HGODEL0034-259-21-1154,COc1ccc(-c2noc(-c3cc4cccc(C)c4[nH]3)n2)cc1CC(=O)N1CCC(NC(C)=O)C1,1
HGODEL0012-136-2-1030,Cc1c[nH]c(=O)c(CN(C)C(=O)[C@H]2C[C@@H](C)[C@H](C(=O)NCCOc3ccc4ccccc4c3)O2)c1,1
HGODEL0034-264-21-389,COc1ccc(-c2noc(-c3ccc4c(C#N)c[nH]c4c3)n2)cc1CC(=O)N1CCCC(CNC(C)=O)C1,1
HGODEL0034-218-84-159,CC(=O)N1CCCN(C(=O)CCc2cccc(-c3noc(-c4ccc5ncn(C)c5c4)n3)c2)CC1,1
HGODEL0032-75-142-110,CNC(=O)C#CC1CCCN(C(=O)c2ccc3cc(C#Cc4cncc(C)c4)ccc3c2)C1,1
HGODEL0034-231-54-699,CC(=O)NC1CCCN(C(=O)C(C)Cc2cccc(-c3noc(/C=C/c4ccc(F)cc4)n3)c2)CC1,1
HGODEL0034-78-21-159,CNC(=O)[C@@H]1CCN(C(=O)Cc2cc(-c3noc(-c4ccc5ncn(C)c5c4)n3)ccc2OC)C1,1
HGODEL0034-254-54-1138,CC(=O)NC[C@H]1CCCN(C(=O)C(C)Cc2cccc(-c3noc(-c4ccnc5c4ncn5C)n3)c2)C1,1
HGODEL0034-176-13-1138,CC(=O)N[C@@H]1CCN(C(=O)C(C)Cc2ccc(-c3noc(-c4ccnc5c4ncn5C)n3)cc2)[C@H](C)C1,1
HGODEL0032-435-164-295,CC(=O)N1CCCC(C2CCN(C(=O)c3cc(C#Cc4ccnc(O)c4)ccc3F)CC2)C1,1
HGODEL0034-190-83-159,CC(=O)NC1CCN(C(=O)C2(c3cccc(-c4noc(-c5ccc6ncn(C)c6c5)n4)c3)CCC2)CC1,1
HGODEL0034-181-32-1247,CCN(C(=O)C1(Cc2cccc(-c3noc(-c4ccc5ncccc5c4)n3)c2)CC1)C1CN(C(C)=O)C1,1
HGODEL0034-253-21-159,CCN(CCCNC(C)=O)C(=O)Cc1cc(-c2noc(-c3ccc4ncn(C)c4c3)n2)ccc1OC,1
HGODEL0034-289-86-159,CC(=O)N[C@H]1CCN(C(=O)C(C)Cc2ccc(F)c(-c3noc(-c4ccc5ncn(C)c5c4)n3)c2)[C@H](C)C1,1
HGODEL0034-284-54-1380,CCc1ccc(-c2nc(-c3cccc(CC(C)C(=O)N4CCN(C(C)=O)C5(CC5)C4)c3)no2)cc1CC,1
HGODEL0034-190-32-770,CCNc1ncc(-c2nc(-c3cccc(CC4(C(=O)N5CCC(NC(C)=O)CC5)CC4)c3)no2)cn1,1
HGODEL0034-229-21-389,COc1ccc(-c2noc(-c3ccc4c(C#N)c[nH]c4c3)n2)cc1CC(=O)N1CCC(CNC(C)=O)C1,1
HGODEL0034-254-13-1138,CC(=O)NC[C@H]1CCCN(C(=O)C(C)Cc2ccc(-c3noc(-c4ccnc5c4ncn5C)n3)cc2)C1,1
HGODEL0034-196-38-159,CCC1CN(C(C)=O)CCN1C(=O)c1cccn1-c1ccc(-c2noc(-c3ccc4ncn(C)c4c3)n2)cc1,1
HGODEL0032-311-443-497,CC(=O)N1CC2(CCCN(C(=O)C(C)Cc3ccc(C#Cc4ccc(C#N)c(C)c4)cc3)C2)C1,1
HGODEL0032-75-142-442,CNC(=O)C#CC1CCCN(C(=O)c2ccc3cc(C#Cc4ccc(C)c(C#N)c4)ccc3c2)C1,1
HGODEL0034-240-54-979,CC(=O)N1CC(N(C)C(=O)C(C)Cc2cccc(-c3noc(C4=Cc5ccccc5C4)n3)c2)C1,1
HGODEL0034-240-54-905,COc1ccc(-c2nc(-c3cccc(CC(C)C(=O)N(C)C4CN(C(C)=O)C4)c3)no2)cc1C,1
HGODEL0034-254-122-159,CC(=O)NC[C@H]1CCCN(C(=O)CCc2cc(-c3noc(-c4ccc5ncn(C)c5c4)n3)ccc2F)C1,1
HGODEL0034-190-54-564,CC(=O)NC1CCN(C(=O)C(C)Cc2cccc(-c3noc(-c4cncc(C5CC5)c4)n3)c2)CC1,1
HGODEL0034-190-54-1282,CC(=O)NC1CCN(C(=O)C(C)Cc2cccc(-c3noc(/C=C/c4ccccn4)n3)c2)CC1,1
HGODEL0034-247-108-389,CC(=O)N1CCN(C(=O)C2(Cc3ccc(-c4noc(-c5ccc6c(C#N)c[nH]c6c5)n4)cc3)CC2)C(C)C1,1
HGODEL0032-75-142-78,CNC(=O)C#CC1CCCN(C(=O)c2ccc3cc(C#Cc4cnn5ccccc45)ccc3c2)C1,1
HGODEL0032-75-142-192,CNC(=O)C#CC1CCCN(C(=O)c2ccc3cc(C#Cc4nn(C)c5ccccc45)ccc3c2)C1,1
HGODEL0034-207-16-159,CCC(Oc1ccc(-c2noc(-c3ccc4ncn(C)c4c3)n2)cc1)C(=O)N1CC2CCC(C1)N2C(C)=O,1
HGODEL0034-219-21-389,COc1ccc(-c2noc(-c3ccc4c(C#N)c[nH]c4c3)n2)cc1CC(=O)N1C[C@H](NC(C)=O)[C@H](O)C1,1
HGODEL0034-170-247-698,CNC(=O)[C@@H]1CC[C@H](NC(=O)CCn2cc(-c3noc(-c4cc[nH]c(=O)c4)n3)c(=O)[nH]c2=O)C1,1
HGODEL0034-259-76-918,CC(=O)NC1CCN(C(=O)c2ccc(-c3noc(-c4cc5cc(F)ccc5[nH]4)n3)cc2C)C1,1
HGODEL0034-208-7-868,CC(=O)NC[C@H]1CCN(C(=O)[C@@H]2C[C@H]2c2ccncc2-c2noc(CC(C)n3nc(C)nc3C)n2)C1,1
HGODEL0034-12-164-389,CNC(=O)C1CN(C(=O)C(C)c2cccc(-c3noc(-c4ccc5c(C#N)c[nH]c5c4)n3)c2)CC12CC2,1
HGODEL0034-179-13-159,CC(=O)N1C[C@@H](C)N(C(=O)C(C)Cc2ccc(-c3noc(-c4ccc5ncn(C)c5c4)n3)cc2)C[C@H]1C,1
HGODEL0034-181-54-1247,CCN(C(=O)C(C)Cc1cccc(-c2noc(-c3ccc4ncccc4c3)n2)c1)C1CN(C(C)=O)C1,1
HGODEL0034-218-21-389,COc1ccc(-c2noc(-c3ccc4c(C#N)c[nH]c4c3)n2)cc1CC(=O)N1CCCN(C(C)=O)CC1,1
HGODEL0034-240-84-839,CC(=O)N1CC(N(C)C(=O)CCc2cccc(-c3noc(/C=C/c4cccc(C)c4)n3)c2)C1,1
HGODEL0034-176-86-1138,CC(=O)N[C@@H]1CCN(C(=O)C(C)Cc2ccc(F)c(-c3noc(-c4ccnc5c4ncn5C)n3)c2)[C@H](C)C1,1
HGODEL0034-176-54-839,CC(=O)N[C@@H]1CCN(C(=O)C(C)Cc2cccc(-c3noc(/C=C/c4cccc(C)c4)n3)c2)[C@H](C)C1,1
HGODEL0034-213-77-159,CC(=O)NC[C@H]1CCCN1C(=O)CC1OCc2cc(-c3noc(-c4ccc5ncn(C)c5c4)n3)ccc21,1
HGODEL0034-264-86-389,CC(=O)NCC1CCCN(C(=O)C(C)Cc2ccc(F)c(-c3noc(-c4ccc5c(C#N)c[nH]c5c4)n3)c2)C1,1
HGODEL0014-239-73-301,CN(C(=O)C1CCN(C)C1c1ccccc1)c1ccc(-n2cc(-c3cc4ncccc4[nH]3)nn2)cc1,1
HGODEL0034-181-54-770,CCNc1ncc(-c2nc(-c3cccc(CC(C)C(=O)N(CC)C4CN(C(C)=O)C4)c3)no2)cn1,1
HGODEL0034-237-252-159,CC(=O)NCC1(C)CCN(C(=O)[C@@H]2C[C@H]2c2ccc(-c3noc(-c4ccc5ncn(C)c5c4)n3)cc2)C1,1
HGODEL0032-75-142-284,CNC(=O)C#CC1CCCN(C(=O)c2ccc3cc(C#Cc4ccc(OC)c(CC#N)c4)ccc3c2)C1,1
HGODEL0034-247-108-1154,CC(=O)N1CCN(C(=O)C2(Cc3ccc(-c4noc(-c5cc6cccc(C)c6[nH]5)n4)cc3)CC2)C(C)C1,1
HGODEL0034-215-81-1154,CC(=O)NC1CN(C(=O)C(C)(C)Cc2cccc(-c3noc(-c4cc5cccc(C)c5[nH]4)n3)c2)CC12CC2,1
HGODEL0034-176-54-899,CC(=O)N[C@@H]1CCN(C(=O)C(C)Cc2cccc(-c3noc(-c4ccc5nc(C)ccc5c4)n3)c2)[C@H](C)C1,1
HGODEL0034-181-84-1247,CCN(C(=O)CCc1cccc(-c2noc(-c3ccc4ncccc4c3)n2)c1)C1CN(C(C)=O)C1,1
HGODEL0034-283-13-159,CC(=O)N1CCC(N(C)C(=O)C(C)Cc2ccc(-c3noc(-c4ccc5ncn(C)c5c4)n3)cc2)C1,1
HGODEL0032-75-142-553,CCc1cc(C#Cc2ccc3cc(C(=O)N4CCCC(C#CC(=O)NC)C4)ccc3c2)ccc1OC,1
HGODEL0032-99-443-291,CNC(=O)C1C[C@@H]2CC[C@H](C1)N2C(=O)C(C)Cc1ccc(C#Cc2ccc(C3(C#N)CC3)cc2)cc1,1
HGODEL0032-355-358-295,CC(=O)NC1CC2CCC(C1)N2C(=O)c1c(-c2cccc(C#Cc3ccnc(O)c3)c2)noc1C,1
HGODEL0032-339-443-497,CC(=O)NCc1ccc2c(c1)CCN(C(=O)C(C)Cc1ccc(C#Cc3ccc(C#N)c(C)c3)cc1)C2,1
HGODEL0032-319-53-295,CC(=O)N[C@@H]1CCN(C(=O)c2cc(C#Cc3ccnc(O)c3)cs2)C[C@H]1F,1
HGODEL0034-218-84-1154,CC(=O)N1CCCN(C(=O)CCc2cccc(-c3noc(-c4cc5cccc(C)c5[nH]4)n3)c2)CC1,1
HGODEL0032-382-172-295,CC(=O)NCCC1(O)CN(C(=O)c2cc(F)cc(C#Cc3ccnc(O)c3)c2)C1,1
HGODEL0034-240-54-1263,CC(=O)N1CC(N(C)C(=O)C(C)Cc2cccc(-c3noc(-c4ccc5c(c4)CCCC5)n3)c2)C1,1
HGODEL0034-196-230-159,CCC1CN(C(C)=O)CCN1C(=O)CSCc1ccc(-c2noc(-c3ccc4ncn(C)c4c3)n2)cc1,1
HGODEL0034-190-54-723,CC(=O)NC1CCN(C(=O)C(C)Cc2cccc(-c3noc(/C=C/c4cnn(C)c4)n3)c2)CC1,1
HGODEL0034-197-230-159,CC(=O)NC1CCN(C(=O)CSCc2ccc(-c3noc(-c4ccc5ncn(C)c5c4)n3)cc2)C1(C)C,1
HGODEL0034-240-86-1247,CC(=O)N1CC(N(C)C(=O)C(C)Cc2ccc(F)c(-c3noc(-c4ccc5ncccc5c4)n3)c2)C1,1
HGODEL0034-181-122-918,CCN(C(=O)CCc1cc(-c2noc(-c3cc4cc(F)ccc4[nH]3)n2)ccc1F)C1CN(C(C)=O)C1,1
HGODEL0034-234-129-159,CC(=O)NC1CN(C(=O)CCCc2ccc(-c3noc(-c4ccc5ncn(C)c5c4)n3)cc2)CC1(C)C,1
HGODEL0032-11-443-479,CNC(=O)[C@@H]1[C@@H](c2ccccc2)CN1C(=O)C(C)Cc1ccc(C#Cc2cc(C#N)n(C)c2)cc1,1
HGODEL0034-284-86-1154,CC(=O)N1CCN(C(=O)C(C)Cc2ccc(F)c(-c3noc(-c4cc5cccc(C)c5[nH]4)n3)c2)CC12CC2,1
HGODEL0034-212-76-159,CC(=O)NC1CCCN(C(=O)c2ccc(-c3noc(-c4ccc5ncn(C)c5c4)n3)cc2C)C1,1
HGODEL0034-272-107-159,CC(=O)N1CCN(C(=O)CCCc2ccc(-c3noc(-c4ccc5ncn(C)c5c4)n3)cc2)[C@H](C)C1,1
HGODEL0034-208-21-1247,COc1ccc(-c2noc(-c3ccc4ncccc4c3)n2)cc1CC(=O)N1CC[C@H](CNC(C)=O)C1,1
HGODEL0034-290-86-389,CC(=O)N1CCN(C(=O)C(C)Cc2ccc(F)c(-c3noc(-c4ccc5c(C#N)c[nH]c5c4)n3)c2)CC1C,1
HGODEL0034-285-2-159,CC(=O)N(C)C1CCN(C(=O)Cc2cccc(-c3noc(-c4ccc5ncn(C)c5c4)n3)c2)C1,1
HGODEL0008-109-182-130,CCCn1cc(C(=O)N(Cc2cnn(CCOC)c2)CC(C(=O)NC)c2cnc(OCC)c(Cl)c2)cn1,1
HGODEL0032-146-411-295,CNC(=O)c1occc1CNC(=O)c1ccc(Oc2cccc(C#Cc3ccnc(O)c3)c2)cc1,1
HGODEL0034-229-106-159,CC(=O)NCC1CCN(C(=O)Cc2c(F)ccc(-c3noc(-c4ccc5ncn(C)c5c4)n3)c2F)C1,1
HGODEL0034-176-54-918,CC(=O)N[C@@H]1CCN(C(=O)C(C)Cc2cccc(-c3noc(-c4cc5cc(F)ccc5[nH]4)n3)c2)[C@H](C)C1,1
HGODEL0034-259-54-899,CC(=O)NC1CCN(C(=O)C(C)Cc2cccc(-c3noc(-c4ccc5nc(C)ccc5c4)n3)c2)C1,1
HGODEL0034-89-164-159,CNC(=O)[C@@H]1CN(C(=O)C(C)c2cccc(-c3noc(-c4ccc5ncn(C)c5c4)n3)c2)C[C@H]1C,1
HGODEL0034-216-58-159,CC(=O)N1CC2CCC1CN2C(=O)CCCOc1ccc(-c2noc(-c3ccc4ncn(C)c4c3)n2)cc1,1
HGODEL0034-247-236-159,CC(=O)N1CCN(C(=O)CCSc2ccc(-c3noc(-c4ccc5ncn(C)c5c4)n3)cc2)C(C)C1,1
HGODEL0032-393-443-479,CC(=O)NC1CC2(CCCN(C(=O)C(C)Cc3ccc(C#Cc4cc(C#N)n(C)c4)cc3)C2)C1,1
HGODEL0034-190-54-883,CC(=O)NC1CCN(C(=O)C(C)Cc2cccc(-c3noc(-c4cc(C)c(C)cc4C)n3)c2)CC1,1
HGODEL0034-223-54-660,CC(=O)N1CCC(N(C)C(=O)C(C)Cc2cccc(-c3noc(/C=C/c4ccccc4)n3)c2)CC1,1
HGODEL0032-339-443-342,CC(=O)NCc1ccc2c(c1)CCN(C(=O)C(C)Cc1ccc(C#Cc3ccc4nccnc4c3)cc1)C2,1
HGODEL0034-178-108-918,CC(=O)N1CCN(C(=O)C2(Cc3ccc(-c4noc(-c5cc6cc(F)ccc6[nH]5)n4)cc3)CC2)[C@@H](C)C1,1
HGODEL0034-196-13-159,CCC1CN(C(C)=O)CCN1C(=O)C(C)Cc1ccc(-c2noc(-c3ccc4ncn(C)c4c3)n2)cc1,1
HGODEL0034-259-36-1154,COc1cc(-c2noc(-c3cc4cccc(C)c4[nH]3)n2)ccc1C(=O)N1CCC(NC(C)=O)C1,1
HGODEL0034-247-13-1154,CC(=O)N1CCN(C(=O)C(C)Cc2ccc(-c3noc(-c4cc5cccc(C)c5[nH]4)n3)cc2)C(C)C1,1
HGODEL0034-223-84-839,CC(=O)N1CCC(N(C)C(=O)CCc2cccc(-c3noc(/C=C/c4cccc(C)c4)n3)c2)CC1,1
HGODEL0032-104-235-291,CNC(=O)C1(C2CCC2)CCN(C(=O)Cc2cccc(C#Cc3ccc(C4(C#N)CC4)cc3)c2C)C1,1
HGODEL0034-264-84-389,CC(=O)NCC1CCCN(C(=O)CCc2cccc(-c3noc(-c4ccc5c(C#N)c[nH]c5c4)n3)c2)C1,1
HGODEL0032-75-142-75,CNC(=O)C#CC1CCCN(C(=O)c2ccc3cc(C#Cc4ccc5c(cnn5C)c4)ccc3c2)C1,1
HGODEL0032-279-255-479,CNC(=O)CC1c2ccccc2CN1C(=O)C1(c2cccc(C#Cc3cc(C#N)n(C)c3)c2)CCCC1,1
HGODEL0034-264-32-899,CC(=O)NCC1CCCN(C(=O)C2(Cc3cccc(-c4noc(-c5ccc6nc(C)ccc6c5)n4)c3)CC2)C1,1
HGODEL0034-289-86-1138,CC(=O)N[C@H]1CCN(C(=O)C(C)Cc2ccc(F)c(-c3noc(-c4ccnc5c4ncn5C)n3)c2)[C@H](C)C1,1
HGODEL0034-190-86-905,COc1ccc(-c2nc(-c3cc(CC(C)C(=O)N4CCC(NC(C)=O)CC4)ccc3F)no2)cc1C,1
HGODEL0034-240-86-1138,CC(=O)N1CC(N(C)C(=O)C(C)Cc2ccc(F)c(-c3noc(-c4ccnc5c4ncn5C)n3)c2)C1,1
HGODEL0034-190-54-247,CC(=O)NC1CCN(C(=O)C(C)Cc2cccc(-c3noc(-c4cnc5c(cnn5C)c4)n3)c2)CC1,1
HGODEL0034-177-13-1138,CC(=O)N[C@@H](C)CNC(=O)C(C)Cc1ccc(-c2noc(-c3ccnc4c3ncn4C)n2)cc1,1
HGODEL0032-75-142-597,CNC(=O)C#CC1CCCN(C(=O)c2ccc3cc(C#Cc4ccc5c(c4)CCCC5)ccc3c2)C1,1
HGODEL0034-272-13-1154,CC(=O)N1CCN(C(=O)C(C)Cc2ccc(-c3noc(-c4cc5cccc(C)c5[nH]4)n3)cc2)[C@H](C)C1,1
HGODEL0032-398-457-295,CC(=O)N1CCC(C2CCN(C(=O)c3cc(C#Cc4ccnc(O)c4)cc(F)c3F)C2)CC1,1
HGODEL0034-181-84-899,CCN(C(=O)CCc1cccc(-c2noc(-c3ccc4nc(C)ccc4c3)n2)c1)C1CN(C(C)=O)C1,1
HGODEL0034-190-32-699,CC(=O)NC1CCN(C(=O)C2(Cc3cccc(-c4noc(/C=C/c5ccc(F)cc5)n4)c3)CC2)CC1,1
HGODEL0034-210-106-389,CC(=O)N[C@H]1CCN(C(=O)Cc2c(F)ccc(-c3noc(-c4ccc5c(C#N)c[nH]c5c4)n3)c2F)C1,1
HGODEL0034-215-54-155,CC(=O)NC1CN(C(=O)C(C)Cc2cccc(-c3noc(-c4ccc5c(c4)CCOC5)n3)c2)CC12CC2,1
HGODEL0034-240-54-46,CC(=O)N1CC(N(C)C(=O)C(C)Cc2cccc(-c3noc(/C=C/c4ccc(F)nc4)n3)c2)C1,1
HGODEL0034-218-86-1138,CC(=O)N1CCCN(C(=O)C(C)Cc2ccc(F)c(-c3noc(-c4ccnc5c4ncn5C)n3)c2)CC1,1
HGODEL0034-284-83-159,CC(=O)N1CCN(C(=O)C2(c3cccc(-c4noc(-c5ccc6ncn(C)c6c5)n4)c3)CCC2)CC12CC2,1
HGODEL0034-230-82-159,CC(=O)NCCC1CN(C(=O)CCc2ccc(-c3noc(-c4ccc5ncn(C)c5c4)n3)cc2)C1,1
HGODEL0034-259-86-1154,CC(=O)NC1CCN(C(=O)C(C)Cc2ccc(F)c(-c3noc(-c4cc5cccc(C)c5[nH]4)n3)c2)C1,1
HGODEL0034-192-7-868,CC(=O)NCC1CCN(C(=O)[C@@H]2C[C@H]2c2ccncc2-c2noc(CC(C)n3nc(C)nc3C)n2)CC1,1
HGODEL0034-176-58-159,CC(=O)N[C@@H]1CCN(C(=O)CCCOc2ccc(-c3noc(-c4ccc5ncn(C)c5c4)n3)cc2)[C@H](C)C1,1
HGODEL0034-89-106-159,CNC(=O)[C@@H]1CN(C(=O)Cc2c(F)ccc(-c3noc(-c4ccc5ncn(C)c5c4)n3)c2F)C[C@H]1C,1
HGODEL0034-213-188-1154,CC(=O)NC[C@H]1CCCN1C(=O)C(C)Cc1ccc(-c2noc(-c3cc4cccc(C)c4[nH]3)n2)cc1,1
HGODEL0032-75-71-291,CNC(=O)C#CC1CCCN(C(=O)c2cc3c(C)c(C#Cc4ccc(C5(C#N)CC5)cc4)ccc3[nH]2)C1,1
HGODEL0034-2-13-159,CNC(=O)C1CCCN(C(=O)C(C)Cc2ccc(-c3noc(-c4ccc5ncn(C)c5c4)n3)cc2)C1,1
HGODEL0034-289-54-1247,CC(=O)N[C@H]1CCN(C(=O)C(C)Cc2cccc(-c3noc(-c4ccc5ncccc5c4)n3)c2)[C@H](C)C1,1
HGODEL0034-190-54-340,CC(=O)NC1CCN(C(=O)C(C)Cc2cccc(-c3noc(-c4ccc5cccnc5c4)n3)c2)CC1,1
HGODEL0034-231-32-234,CC(=O)NC1CCCN(C(=O)C2(Cc3cccc(-c4noc(-c5cnc6[nH]c(C)nc6c5)n4)c3)CC2)CC1,1
HGODEL0034-207-181-159,CC(=O)N1C2CCC1CN(C(=O)C(C)Oc1ccc(-c3noc(-c4ccc5ncn(C)c5c4)n3)cc1)C2,1
HGODEL0034-21-39-567,CNC(=O)CC1CCN(C(=O)Cc2cc(-c3noc(-c4ccc5[nH]ccc5n4)n3)ccc2OC)CC1,1
HGODEL0009-15-388-3374,CNC(=O)[C@@H]1C=C(c2ccc(-c3ccc(C#N)c(C4CC4)c3)s2)CN1Cc1cncc(-c2cccnc2)c1,1
HGODEL0032-202-411-295,CNC(=O)c1ccc(CNC(=O)c2ccc(Oc3cccc(C#Cc4ccnc(O)c4)c3)cc2)o1,1
HGODEL0034-220-76-159,CC(=O)NC[C@@H]1CCN(C(=O)c2ccc(-c3noc(-c4ccc5ncn(C)c5c4)n3)cc2C)C1,1
HGODEL0034-176-54-699,CC(=O)N[C@@H]1CCN(C(=O)C(C)Cc2cccc(-c3noc(/C=C/c4ccc(F)cc4)n3)c2)[C@H](C)C1,1
HGODEL0034-219-32-159,CC(=O)N[C@H]1CN(C(=O)C2(Cc3cccc(-c4noc(-c5ccc6ncn(C)c6c5)n4)c3)CC2)C[C@H]1O,1
HGODEL0034-282-13-389,CC[C@@H]1CN(C(=O)C(C)Cc2ccc(-c3noc(-c4ccc5c(C#N)c[nH]c5c4)n3)cc2)CCN1C(C)=O,1
HGODEL0034-259-2-159,CC(=O)NC1CCN(C(=O)Cc2cccc(-c3noc(-c4ccc5ncn(C)c5c4)n3)c2)C1,1
HGODEL0032-75-142-247,CNC(=O)C#CC1CCCN(C(=O)c2ccc3cc(C#Cc4ccc(-n5ccnc5)nc4)ccc3c2)C1,1
HGODEL0034-181-32-1138,CCN(C(=O)C1(Cc2cccc(-c3noc(-c4ccnc5c4ncn5C)n3)c2)CC1)C1CN(C(C)=O)C1,1
HGODEL0034-215-83-159,CC(=O)NC1CN(C(=O)C2(c3cccc(-c4noc(-c5ccc6ncn(C)c6c5)n4)c3)CCC2)CC12CC2,1
HGODEL0034-195-77-159,CC(=O)NC[C@@H](C)NC(=O)CC1OCc2cc(-c3noc(-c4ccc5ncn(C)c5c4)n3)ccc21,1
HGODEL0034-190-86-976,CC(=O)NC1CCN(C(=O)C(C)Cc2ccc(F)c(-c3noc(-c4cnc5cnn(C)c5c4)n3)c2)CC1,1
HGODEL0034-289-122-1154,CC(=O)N[C@H]1CCN(C(=O)CCc2cc(-c3noc(-c4cc5cccc(C)c5[nH]4)n3)ccc2F)[C@H](C)C1,1
HGODEL0034-240-54-285,CC(=O)N1CC(N(C)C(=O)C(C)Cc2cccc(-c3noc(/C=C/c4cccnc4)n3)c2)C1,1
HGODEL0014-178-80-581,COc1ccc2oc(-c3cn(-c4ccc5c(c4)CN(C(=O)[C@@H]4CN(C)C[C@H]4c4ccc(F)cc4F)CCO5)nn3)cc2c1,1
HGODEL0034-240-83-389,CC(=O)N1CC(N(C)C(=O)C2(c3cccc(-c4noc(-c5ccc6c(C#N)c[nH]c6c5)n4)c3)CCC2)C1,1
HGODEL0032-75-142-236,CNC(=O)C#CC1CCCN(C(=O)c2ccc3cc(C#Cc4ccc(N5CCCC5)cn4)ccc3c2)C1,1
HGODEL0034-207-230-159,CC(=O)N1C2CCC1CN(C(=O)CSCc1ccc(-c3noc(-c4ccc5ncn(C)c5c4)n3)cc1)C2,1
HGODEL0034-290-54-918,CC(=O)N1CCN(C(=O)C(C)Cc2cccc(-c3noc(-c4cc5cc(F)ccc5[nH]4)n3)c2)CC1C,1
HGODEL0034-190-54-1194,C=Cc1ccc(-c2nc(-c3cccc(CC(C)C(=O)N4CCC(NC(C)=O)CC4)c3)no2)cc1,1
HGODEL0034-210-79-1399,CC(=O)N[C@H]1CCN(C(=O)c2ccc(-c3noc(-c4ccc5c(c4)CCO5)n3)cc2C)C1,1
HGODEL0034-206-100-159,CC(=O)N1CCC[C@H](N(C)C(=O)CCCCc2ccc(-c3noc(-c4ccc5ncn(C)c5c4)n3)cc2)C1,1
HGODEL0034-218-54-828,CC(=O)N1CCCN(C(=O)C(C)Cc2cccc(-c3noc(-c4ccc(C#N)c(C)c4)n3)c2)CC1,1
HGODEL0034-218-54-285,CC(=O)N1CCCN(C(=O)C(C)Cc2cccc(-c3noc(/C=C/c4cccnc4)n3)c2)CC1,1
HGODEL0012-400-27-570,COc1ccccc1-c1cc(NC(=O)c2ccc(CCC(=O)N(C)Cc3c(OC)cc[nH]c3=O)cc2)[nH]n1,1
HGODEL0034-208-21-1154,COc1ccc(-c2noc(-c3cc4cccc(C)c4[nH]3)n2)cc1CC(=O)N1CC[C@H](CNC(C)=O)C1,1
HGODEL0034-89-119-159,CNC(=O)[C@@H]1CN(C(=O)Cc2cc(OC)cc(-c3noc(-c4ccc5ncn(C)c5c4)n3)c2)C[C@H]1C,1
HGODEL0034-181-32-899,CCN(C(=O)C1(Cc2cccc(-c3noc(-c4ccc5nc(C)ccc5c4)n3)c2)CC1)C1CN(C(C)=O)C1,1
HGODEL0034-207-7-868,CC(=O)N1C2CCC1CN(C(=O)[C@@H]1C[C@H]1c1ccncc1-c1noc(CC(C)n3nc(C)nc3C)n1)C2,1
HGODEL0034-214-54-389,CC(=O)N[C@@H]1CCN(C(=O)C(C)Cc2cccc(-c3noc(-c4ccc5c(C#N)c[nH]c5c4)n3)c2)C1,1
HGODEL0032-322-104-479,CC(=O)NC1CN(C(=O)CCCc2ccc(C#Cc3cc(C#N)n(C)c3)cc2)CCC12CCC2,1
HGODEL0032-368-126-295,CC(=O)N1CCCC(C2CCCN2C(=O)c2cc(F)cc(C#Cc3ccnc(O)c3)c2)C1,1
HGODEL0034-223-83-159,CC(=O)N1CCC(N(C)C(=O)C2(c3cccc(-c4noc(-c5ccc6ncn(C)c6c5)n4)c3)CCC2)CC1,1
HGODEL0034-204-13-159,CC(=O)NC1[C@@H]2CN(C(=O)C(C)Cc3ccc(-c4noc(-c5ccc6ncn(C)c6c5)n4)cc3)C[C@H]12,1
HGODEL0032-339-443-110,CC(=O)NCc1ccc2c(c1)CCN(C(=O)C(C)Cc1ccc(C#Cc3cncc(C)c3)cc1)C2,1
HGODEL0034-240-17-159,CC(=O)N1CC(N(C)C(=O)[C@H](C)c2cccc(-c3noc(-c4ccc5ncn(C)c5c4)n3)c2)C1,1
HGODEL0034-21-21-855,CNC(=O)CC1CCN(C(=O)Cc2cc(-c3noc(-c4ccc5ccccc5c4)n3)ccc2OC)CC1,1
HGODEL0032-146-415-295,CNC(=O)c1occc1CNC(=O)c1nn(-c2cccc(C#Cc3ccnc(O)c3)c2)c2c1CCCC2,1
HGODEL0034-176-54-1247,CC(=O)N[C@@H]1CCN(C(=O)C(C)Cc2cccc(-c3noc(-c4ccc5ncccc5c4)n3)c2)[C@H](C)C1,1
HGODEL0034-223-54-843,CC(=O)N1CCC(N(C)C(=O)C(C)Cc2cccc(-c3noc(/C=C/c4cccc(F)c4)n3)c2)CC1,1
HGODEL0032-339-443-111,CC(=O)NCc1ccc2c(c1)CCN(C(=O)C(C)Cc1ccc(C#Cc3cnc(N(C)C)nc3)cc1)C2,1
HGODEL0034-264-122-159,CC(=O)NCC1CCCN(C(=O)CCc2cc(-c3noc(-c4ccc5ncn(C)c5c4)n3)ccc2F)C1,1
HGODEL0034-181-54-899,CCN(C(=O)C(C)Cc1cccc(-c2noc(-c3ccc4nc(C)ccc4c3)n2)c1)C1CN(C(C)=O)C1,1
HGODEL0034-259-84-389,CC(=O)NC1CCN(C(=O)CCc2cccc(-c3noc(-c4ccc5c(C#N)c[nH]c5c4)n3)c2)C1,1
HGODEL0034-240-54-955,CC(=O)N1CC(N(C)C(=O)C(C)Cc2cccc(-c3noc(-c4ccc(C5(C#N)CC5)cc4)n3)c2)C1,1
HGODEL0034-254-122-389,CC(=O)NC[C@H]1CCCN(C(=O)CCc2cc(-c3noc(-c4ccc5c(C#N)c[nH]c5c4)n3)ccc2F)C1,1
HGODEL0034-254-21-389,COc1ccc(-c2noc(-c3ccc4c(C#N)c[nH]c4c3)n2)cc1CC(=O)N1CCC[C@H](CNC(C)=O)C1,1
HGODEL0034-285-86-1154,CC(=O)N(C)C1CCN(C(=O)C(C)Cc2ccc(F)c(-c3noc(-c4cc5cccc(C)c5[nH]4)n3)c2)C1,1
HGODEL0034-289-86-1154,CC(=O)N[C@H]1CCN(C(=O)C(C)Cc2ccc(F)c(-c3noc(-c4cc5cccc(C)c5[nH]4)n3)c2)[C@H](C)C1,1
HGODEL0034-181-54-864,CCN(C(=O)C(C)Cc1cccc(-c2noc(-c3cnc(NC)nc3)n2)c1)C1CN(C(C)=O)C1,1
HGODEL0032-75-142-86,CCOc1ccc(C#Cc2ccc3cc(C(=O)N4CCCC(C#CC(=O)NC)C4)ccc3c2)cc1CO,1
HGODEL0034-241-76-918,CC(=O)N[C@H]1CCCN(C(=O)c2ccc(-c3noc(-c4cc5cc(F)ccc5[nH]4)n3)cc2C)C1,1
HGODEL0032-304-443-497,CC(=O)N1CCCN(C(=O)C(C)Cc2ccc(C#Cc3ccc(C#N)c(C)c3)cc2)CC1,1
HGODEL0034-237-22-234,CC(=O)NCC1(C)CCN(C(=O)CCc2ccc(-c3noc(-c4cnc5[nH]c(C)nc5c4)n3)cc2)C1,1
HGODEL0032-75-142-184,CNC(=O)C#CC1CCCN(C(=O)c2ccc3cc(C#Cc4cc(OC)cc(OC)c4)ccc3c2)C1,1
HGODEL0034-247-54-389,CC(=O)N1CCN(C(=O)C(C)Cc2cccc(-c3noc(-c4ccc5c(C#N)c[nH]c5c4)n3)c2)C(C)C1,1
HGODEL0034-274-21-159,COc1ccc(-c2noc(-c3ccc4ncn(C)c4c3)n2)cc1CC(=O)N1CCC[C@@H](CNC(C)=O)C1,1
HGODEL0034-89-21-389,CNC(=O)[C@@H]1CN(C(=O)Cc2cc(-c3noc(-c4ccc5c(C#N)c[nH]c5c4)n3)ccc2OC)C[C@H]1C,1
HGODEL0034-190-54-1128,CC(=O)NC1CCN(C(=O)C(C)Cc2cccc(-c3noc(-c4ccc5nn(C)cc5c4)n3)c2)CC1,1
HGODEL0034-240-32-1015,CC(=O)N1CC(N(C)C(=O)C2(Cc3cccc(-c4noc(-c5cnc6[nH]nc(C)c6c5)n4)c3)CC2)C1,1
HGODEL0034-136-21-1138,CCC1(C(=O)NC)CN(C(=O)Cc2cc(-c3noc(-c4ccnc5c4ncn5C)n3)ccc2OC)C1,1
HGODEL0032-293-169-295,CC(=O)Nc1ccc2c(c1)CCN(C(=O)c1cccc(C#Cc3ccnc(O)c3)n1)C2,1
HGODEL0034-239-13-1138,CC(=O)NCC1(NC(=O)C(C)Cc2ccc(-c3noc(-c4ccnc5c4ncn5C)n3)cc2)CC1,1
HGODEL0034-254-54-839,CC(=O)NC[C@H]1CCCN(C(=O)C(C)Cc2cccc(-c3noc(/C=C/c4cccc(C)c4)n3)c2)C1,1
HGODEL0034-240-32-699,CC(=O)N1CC(N(C)C(=O)C2(Cc3cccc(-c4noc(/C=C/c5ccc(F)cc5)n4)c3)CC2)C1,1
HGODEL0034-68-21-159,CNC(=O)C1[C@H]2CN(C(=O)Cc3cc(-c4noc(-c5ccc6ncn(C)c6c5)n4)ccc3OC)C[C@@H]12,1
HGODEL0034-210-149-159,COc1ncc(-c2noc(-c3ccc4ncn(C)c4c3)n2)cc1CC(=O)N1CC[C@H](NC(C)=O)C1,1
HGODEL0034-285-21-1138,COc1ccc(-c2noc(-c3ccnc4c3ncn4C)n2)cc1CC(=O)N1CCC(N(C)C(C)=O)C1,1
HGODEL0034-283-22-159,CC(=O)N1CCC(N(C)C(=O)CCc2ccc(-c3noc(-c4ccc5ncn(C)c5c4)n3)cc2)C1,1
HGODEL0034-240-54-1223,CC(=O)N1CC(N(C)C(=O)C(C)Cc2cccc(-c3noc(-c4cc5sccc5s4)n3)c2)C1,1
HGODEL0034-282-13-1138,CC[C@@H]1CN(C(=O)C(C)Cc2ccc(-c3noc(-c4ccnc5c4ncn5C)n3)cc2)CCN1C(C)=O,1
HGODEL0032-75-142-457,CNC(=O)C#CC1CCCN(C(=O)c2ccc3cc(C#Cc4cnc(SC)nc4)ccc3c2)C1,1
HGODEL0034-210-76-341,COc1cc(-c2nc(-c3ccc(C(=O)N4CC[C@H](NC(C)=O)C4)c(C)c3)no2)ccc1C,1
HGODEL0034-184-22-1138,CC(=O)N1CCC(C)(CNC(=O)CCc2ccc(-c3noc(-c4ccnc5c4ncn5C)n3)cc2)C1,1
HGODEL0032-27-47-295,CNC(=O)[C@@]12CCCC[C@@H]1N(C(=O)COc1ccc(C#Cc3ccnc(O)c3)cn1)CC2,1
HGODEL0034-207-86-1154,CC(=O)N1C2CCC1CN(C(=O)C(C)Cc1ccc(F)c(-c3noc(-c4cc5cccc(C)c5[nH]4)n3)c1)C2,1
HGODEL0034-290-13-389,CC(=O)N1CCN(C(=O)C(C)Cc2ccc(-c3noc(-c4ccc5c(C#N)c[nH]c5c4)n3)cc2)CC1C,1
HGODEL0034-262-81-159,CC(=O)N1CC2(CCN(C(=O)C(C)(C)Cc3cccc(-c4noc(-c5ccc6ncn(C)c6c5)n4)c3)C2)C1,1
HGODEL0034-259-21-918,COc1ccc(-c2noc(-c3cc4cc(F)ccc4[nH]3)n2)cc1CC(=O)N1CCC(NC(C)=O)C1,1
HGODEL0034-237-34-159,CC(=O)NCC1(C)CCN(C(=O)C(C)(C)Cc2ccc(-c3noc(-c4ccc5ncn(C)c5c4)n3)cc2)C1,1
HGODEL0034-223-113-159,CC(=O)N1CCC(N(C)C(=O)c2cccn2-c2cccc(-c3noc(-c4ccc5ncn(C)c5c4)n3)c2)CC1,1
HGODEL0032-341-160-467,CC(=O)N(C)CC1(O)CCN(C(=O)Cc2ccc(C#Cc3cnc4c(C)cccn34)cc2)CC1,1
HGODEL0034-216-54-159,CC(=O)N1CC2CCC1CN2C(=O)C(C)Cc1cccc(-c2noc(-c3ccc4ncn(C)c4c3)n2)c1,1
HGODEL0014-239-73-586,COc1ccc2[nH]c(-c3cn(-c4ccc(N(C)C(=O)C5CCN(C)C5c5ccccc5)cc4)nn3)cc2n1,1
HGODEL0034-259-54-839,CC(=O)NC1CCN(C(=O)C(C)Cc2cccc(-c3noc(/C=C/c4cccc(C)c4)n3)c2)C1,1
HGODEL0034-101-13-159,CNC(=O)[C@@H]1[C@@H]2CC[C@@H](C2)N1C(=O)C(C)Cc1ccc(-c2noc(-c3ccc4ncn(C)c4c3)n2)cc1,1
HGODEL0034-223-32-770,CCNc1ncc(-c2nc(-c3cccc(CC4(C(=O)N(C)C5CCN(C(C)=O)CC5)CC4)c3)no2)cn1,1
HGODEL0034-215-32-1154,CC(=O)NC1CN(C(=O)C2(Cc3cccc(-c4noc(-c5cc6cccc(C)c6[nH]5)n4)c3)CC2)CC12CC2,1
HGODEL0034-259-17-159,CC(=O)NC1CCN(C(=O)[C@H](C)c2cccc(-c3noc(-c4ccc5ncn(C)c5c4)n3)c2)C1,1
HGODEL0034-218-54-1253,CC(=O)N1CCCN(C(=O)C(C)Cc2cccc(-c3noc(-c4cc5c(C)cccc5[nH]4)n3)c2)CC1,1
HGODEL0034-181-54-660,CCN(C(=O)C(C)Cc1cccc(-c2noc(/C=C/c3ccccc3)n2)c1)C1CN(C(C)=O)C1,1
HGODEL0034-215-122-1154,CC(=O)NC1CN(C(=O)CCc2cc(-c3noc(-c4cc5cccc(C)c5[nH]4)n3)ccc2F)CC12CC2,1
HGODEL0032-184-75-38,CNC(=O)C1c2cn[nH]c2CN1C(=O)c1c(-c2ccc(C#Cc3cc(-c4ccco4)n(C)n3)cc2)noc1C(C)(C)C,1
HGODEL0034-284-24-159,CC(=O)N1CCN(C(=O)C(c2cccc(-c3noc(-c4ccc5ncn(C)c5c4)n3)c2)C(C)C)CC12CC2,1
HGODEL0034-240-32-566,CC(=O)N1CC(N(C)C(=O)C2(Cc3cccc(-c4noc(-c5ccnc(C6CC6)c5)n4)c3)CC2)C1,1
HGODEL0034-290-54-1247,CC(=O)N1CCN(C(=O)C(C)Cc2cccc(-c3noc(-c4ccc5ncccc5c4)n3)c2)CC1C,1
HGODEL0034-254-54-918,CC(=O)NC[C@H]1CCCN(C(=O)C(C)Cc2cccc(-c3noc(-c4cc5cc(F)ccc5[nH]4)n3)c2)C1,1
HGODEL0034-218-54-566,CC(=O)N1CCCN(C(=O)C(C)Cc2cccc(-c3noc(-c4ccnc(C5CC5)c4)n3)c2)CC1,1
HGODEL0034-170-230-698,CNC(=O)[C@@H]1CC[C@H](NC(=O)CSCc2ccc(-c3noc(-c4cc[nH]c(=O)c4)n3)cc2)C1,1
HGODEL0034-21-22-159,CNC(=O)CC1CCN(C(=O)CCc2ccc(-c3noc(-c4ccc5ncn(C)c5c4)n3)cc2)CC1,1
HGODEL0034-181-63-159,CCN(C(=O)C1(c2cccc(-c3noc(-c4ccc5ncn(C)c5c4)n3)c2)CC1)C1CN(C(C)=O)C1,1
HGODEL0034-240-21-389,COc1ccc(-c2noc(-c3ccc4c(C#N)c[nH]c4c3)n2)cc1CC(=O)N(C)C1CN(C(C)=O)C1,1
HGODEL0034-188-230-159,CC(=O)NC1CC(CCNC(=O)CSCc2ccc(-c3noc(-c4ccc5ncn(C)c5c4)n3)cc2)C1,1
HGODEL0034-274-32-1154,CC(=O)NC[C@@H]1CCCN(C(=O)C2(Cc3cccc(-c4noc(-c5cc6cccc(C)c6[nH]5)n4)c3)CC2)C1,1
HGODEL0034-259-2-389,CC(=O)NC1CCN(C(=O)Cc2cccc(-c3noc(-c4ccc5c(C#N)c[nH]c5c4)n3)c2)C1,1
HGODEL0034-218-7-868,CC(=O)N1CCCN(C(=O)[C@@H]2C[C@H]2c2ccncc2-c2noc(CC(C)n3nc(C)nc3C)n2)CC1,1
HGODEL0015-1310-346-328,C/C=C/CC(=O)NC(CC(=O)N(C)Cc1nnc(C2CC2)n1C1CC1)c1ccc(OC)nc1,0
HGODEL0032-80-533-295,C=CC[C@H](NC(=O)c1cc2cc(C#Cc3ccnc(O)c3)cc(OC)c2o1)C(=O)NC,0
HGODEL0013-46-10-327,CC(=O)N(C)CCNCc1cn(C2CCOCC2)nc1C(=O)NCCCCl,0
HGODEL0013-49-17-360,CC(=O)N(C)Cc1ccccc1NCc1ccc(-c2cccc(CC(=O)N3CCCN(C(=O)Oc4ccccc4)CC3)c2)cc1,0
HGODEL0013-63-35-398,CC(=O)N(C)c1ccc(NCc2cc(C(=O)NC(c3ncon3)C3CC3)c(C)cc2C)cc1,0
HGODEL0013-63-58-111,CC(=O)N(C)c1ccc(NCc2ncc(C(=O)N3CCCC(C)(c4ccccc4)CC3)cc2Cl)cc1,0
HGODEL0027-988-471-245,CC(=O)N(CCNc1nc(NCC2CC3(C2)CC3F)nc(NCC2CC3(C2)CC3F)n1)CC1CC1,0
HGODEL0013-22-33-17,CC(=O)N1CC(CNCc2ccn3ncc(C(=O)NCC(C)N(C)C4CC4)c3c2)C2(CCOCC2)C1,0
HGODEL0013-22-13-398,CC(=O)N1CC(CNCc2cn(C)nc2C(=O)NC(c2ncon2)C2CC2)C2(CCOCC2)C1,0
HGODEL0015-1782-470-297,CC(=O)N1CC(N(C)C(=O)C2(CNC(=O)c3ccn(-c4cccc(C#N)c4)n3)CC23CCOCC3)C1,0
HGODEL0013-4-22-411,CC(=O)N1CC(NCc2ccn([C@H]3C[C@H](C(=O)NC(C)c4ccc(-n5cncn5)cc4)C3)n2)C1,0
HGODEL0013-60-18-121,CC(=O)N1CCC(C)(CNCc2ccc(-c3ccc(C(=O)N4CCC(=O)N5CCCCCC54)cc3)o2)CC1,0
HGODEL0013-60-64-303,CC(=O)N1CCC(C)(CNCc2ccc(C(=O)NCC(C)c3ccncc3)cc2C(F)(F)F)CC1,0
HGODEL0013-60-16-224,CC(=O)N1CCC(C)(CNCc2cccc(OCCCC(=O)NCc3nc4c(s3)CCCCC4)c2)CC1,0
HGODEL0034-280-262-1145,CC(=O)N1CCC(C)(NC(=O)c2ccc(F)c(-c3noc(CC(C)N4CCCCC4=O)n3)c2)CC1,0
HGODEL0027-1054-145-423,CC(=O)N1CCC(CNc2nc(NC(C)CO)nc(NC(C)c3cn(C)nc3C)n2)CC1,0
HGODEL0034-283-208-254,CC(=O)N1CCC(N(C)C(=O)c2ccc(-c3noc(-c4cnc5cc(C)ccn45)n3)cn2)C1,0
HGODEL0027-880-128-379,CC(=O)N1CCC(N(C)c2nc(NC(C)Cc3cnccn3)nc(N(C)CC3CCOC3)n2)C1,0
HGODEL0013-6-54-422,CC(=O)N1CCC(NCc2ccc(C(=O)NC3CCCN(c4cc(C)ncn4)C3)cn2)C1,0
HGODEL0013-62-68-496,CC(=O)N1CCC(NCc2cccc(-c3ccc(C(=O)N4CC5(CCOCC5)c5ccccc54)cc3)n2)CC1,0
HGODEL0013-6-10-391,CC(=O)N1CCC(NCc2cn(C3CCOCC3)nc2C(=O)NC(CF)c2ccc(F)cc2F)C1,0
HGODEL0033-431-351-797,CC(=O)N1CCC(O)(CNC(=O)C(C)Oc2cccc(Nc3cccc4c3CCCC4)c2)C1,0
HGODEL0027-1071-659-121,CC(=O)N1CCC(O)(CNc2nc(NCCN3CCN=C3C)nc(NCCC3(F)CCC3)n2)C1,0
HGODEL0033-428-63-150,CC(=O)N1CCC2(CC1)CCN(C(=O)Cc1ccc(Nc3nc(-c4ccccc4)c(C)s3)c(F)c1)CC2,0
HGODEL0045-288-48,CC(=O)N1CCCC(N2Cc3cc(-c4ccc(C5CC5)c(C#N)c4)ccc3C2=O)C1,0
HGODEL0013-20-50-361,CC(=O)N1CCCC(NCc2cc(C(=O)NCCCC3CCCCC3)n[nH]2)C1,0
HGODEL0013-20-16-220,CC(=O)N1CCCC(NCc2cccc(OCCCC(=O)NCCC3CC(OC(C)(C)C)C3)c2)C1,0
HGODEL0027-948-486-332,CC(=O)N1CCCC12CN(c1nc(NCCCOCC3CC3)nc(N3CCC(N4CCCC4)C3)n1)C2,0
HGODEL0033-396-205-614,CC(=O)N1CCCC1C1CCN(C(=O)c2cccc(Nc3ccc4c(c3)OC(F)(F)O4)c2F)CC1,0
HGODEL0013-3-12-307,CC(=O)N1CCC[C@@H](NCc2cccn2C(Cc2ccccc2)C(=O)NC2CC(=O)NC(=O)C2)C1,0
HGODEL0013-28-20-125,CC(=O)N1CCC[C@H](NCc2cc(C(=O)N3CCCC4(CCCCCC4)C3)nn2C)C1,0
HGODEL0013-28-22-72,CC(=O)N1CCC[C@H](NCc2ccn([C@H]3C[C@H](C(=O)N4CCN(c5nc(C)no5)CC4)C3)n2)C1,0
HGODEL0013-5-55-27,CC(=O)N1CCC[C@H]1CNCc1cc(C(=O)NCC2CCCC(F)(F)C(=O)N2)cs1,0
HGODEL0013-5-4-279,CC(=O)N1CCC[C@H]1CNCc1ccc(C(=O)NCCC2=NC(=O)C(C)C(=O)N2)o1,0
HGODEL0013-65-12-385,CC(=O)N1CCCc2ccc(NCc3cccn3C(Cc3ccccc3)C(=O)NCc3ccc(C(F)(F)F)cn3)cc21,0
HGODEL0033-324-117-259,CC(=O)N1CCN(C(=O)CCc2ncc(-c3ccc(Nc4ncc(CC5CCOC5)s4)cc3)o2)CC(O)C1,0
HGODEL0013-58-28-17,CC(=O)N1CCN(C(=O)Cc2ccc(NCc3n[nH]c4cc(C(=O)NCC(C)N(C)C5CC5)ccc34)cc2)CC1,0
HGODEL0027-957-571-231,CC(=O)N1CCN(c2nc(NCCc3ccccc3F)nc(N3CCCOC3)n2)CC1C,0
HGODEL0013-38-3-347,CC(=O)N1CCOC12CN(Cc1cn[nH]c1C(=O)N1CC(=O)N(Cc3ccccc3)C1)C2,0
HGODEL0013-29-13-187,CC(=O)N1CCOc2ccc(NCc3cn(C)nc3C(=O)NCc3ccc(OC(F)F)cn3)cc2C1,0
HGODEL0027-1074-43-96,CC(=O)N1CC[C@@H](Nc2nc(N[C@H]3C[C@@H]3C)nc(N3CC[C@@H](C)C[C@@H](C)C3)n2)C1,0
HGODEL0013-61-16-91,CC(=O)N1CC[C@H](NCc2cccc(OCCCC(=O)Nc3c(Cl)cc(C#N)cc3Cl)c2)C1,0
HGODEL0013-70-22-251,CC(=O)N1CCc2c(cccc2NCc2ccn([C@H]3C[C@H](C(=O)NCc4nc(CN(C)C)cs4)C3)n2)C1,0
HGODEL0013-70-53-374,CC(=O)N1CCc2c(cccc2NCc2ccoc2C(=O)NCc2cnc3n2CCC3)C1,0
HGODEL0013-69-52-264,CC(=O)N1CCc2cc(NCc3cc(C(=O)NC(c4ncc(C)s4)C4CC4)nn3CC(C)C)ccc2C1,0
HGODEL0013-69-72-210,CC(=O)N1CCc2cc(NCc3cccc(C(=O)NCC4(N5CCN(C(C)C)CC5)CCCC4)c3F)ccc2C1,0
HGODEL0013-69-3-28,CC(=O)N1CCc2cc(NCc3cn[nH]c3C(=O)NCC(c3ccc(F)cc3)N(C)C)ccc2C1,0
HGODEL0013-64-50-170,CC(=O)N1CCc2ccc(NCc3cc(C(=O)N4CCN(C(=O)OCc5ccccc5)CC4)n[nH]3)cc2C1,0
HGODEL0013-64-5-52,CC(=O)N1CCc2ccc(NCc3ccc(C(=O)N4C[C@H]5CCCC[C@H]54)nc3)cc2C1,0
HGODEL0013-64-48-242,CC(=O)N1CCc2ccc(NCc3ccc(C(=O)NCCN4CCN(C)CC4)nn3)cc2C1,0
HGODEL0013-72-66-238,CC(=O)N1CCc2cccc(NCc3ccc(C(=O)Nc4cccn(Cc5ccc(F)cc5)c4=O)c(Cl)c3)c21,0
HGODEL0013-72-51-344,CC(=O)N1CCc2cccc(NCc3cnc(C(=O)Nc4cn(CC(C)C)nc4C(F)F)cc3C)c21,0
HGODEL0013-21-17-230,CC(=O)NC(CNCc1ccc(-c2cccc(CC(=O)NCc3c(F)cccc3OC(F)F)c2)cc1)CC(C)C,0
HGODEL0013-21-46-164,CC(=O)NC(CNCc1ccc(C(=O)N2CCc3c(ncn3C3CC3)C2)cc1)CC(C)C,0
HGODEL0013-21-69-255,CC(=O)NC(CNCc1ccc(C(=O)NC2CC(C(C)(C)C)C2)c(F)c1)CC(C)C,0
HGODEL0013-48-66-167,CC(=O)NC(CNCc1ccc(C(=O)Nc2scnc2C(C)C)c(Cl)c1)C(F)(F)F,0
HGODEL0013-21-70-43,CC(=O)NC(CNCc1cccc(C(=O)Nc2nc3c(s2)CCCCC3)n1)CC(C)C,0
HGODEL0033-416-390-224,CC(=O)NC1CC(NC(=O)c2cnc(Nc3cc(C)ncc3OC3CC3)c(C)c2)C1,0
HGODEL0013-14-32-112,CC(=O)NC1CC(NCc2ccc3oc(C(=O)N4CCC(Cc5nc(C(C)(C)C)no5)CC4)cc3c2)C1,0
HGODEL0030-727-77-202,CC(=O)NC1CC12CCN(C(=O)c1ccc(CNC3CCc4nnn(C)c4C3)cc1)CC2,0
HGODEL0013-16-19-315,CC(=O)NC1CC2(CC(NCc3cccc(OC(C)C(=O)NCC4CC(OCc5ccccc5)C4)c3)C2)C1,0
HGODEL0013-74-69-364,CC(=O)NC1CCc2cc(NCc3ccc(C(=O)N4CCC(c5noc(C(C)C)n5)CC4)c(F)c3)ccc21,0
HGODEL0013-35-31-18,CC(=O)NCC(NCc1cc2[nH]c(C(=O)N3CCN(C4CCCN(C)C4)CC3)cc2o1)C1CCC1,0
HGODEL0013-9-5-455,CC(=O)NCC(NCc1ccc(C(=O)N2CCC(C)(C)C(c3ccccc3)C2)nc1)c1ccccc1,0
HGODEL0013-35-2-139,CC(=O)NCC(NCc1cn(CC(=O)N2CCCN(Cc3nccn3C)CC2)nn1)C1CCC1,0
HGODEL0045-350-589,CC(=O)NCC(c1ccccc1)N1Cc2cc(-c3ccc4cc(OCc5ccccc5)ccc4c3)ccc2C1=O,0
HGODEL0013-36-16-285,CC(=O)NCC1(C)CC(NCc2cccc(OCCCC(=O)N3CCN(c4ccccc4C(C)C)CC3)c2)C1,0
HGODEL0027-848-245-419,CC(=O)NCC1(F)CN(c2nc(NCCOC3CC3(F)F)nc(N3CCNC(=O)CC3C)n2)C1,0
HGODEL0034-276-57-611,CC(=O)NCC1(NC(=O)c2ccc(-c3noc(CC(C)(C)C#N)n3)cc2-n2cccc2)CCC1,0
HGODEL0013-51-31-235,CC(=O)NCC1(NCc2cc3[nH]c(C(=O)NCc4ccc(Oc5cncc(C)n5)cc4)cc3o2)COC1,0
HGODEL0013-51-44-419,CC(=O)NCC1(NCc2ccc(-c3cccc(C(=O)NC4CCN(c5ccc(C(F)(F)F)cn5)CC4)c3)cc2)COC1,0
HGODEL0013-51-58-302,CC(=O)NCC1(NCc2ncc(C(=O)NCC3CCC(C)(C)C3)cc2Cl)COC1,0
HGODEL0027-980-289-196,CC(=O)NCC1(O)CCCN(c2nc(NCC[C@@H]3C[C@H]3C3CC3)nc(NCC34CC(C3)C(C)(C)O4)n2)C1,0
HGODEL0032-317-116-627,CC(=O)NCC1CCN(C(=O)CCc2ncc(-c3ccc(C#Cc4cc5ccncc5s4)cc3)o2)C1,0
HGODEL0027-975-259-175,CC(=O)NCC1CN(c2nc(NCCCc3ccccn3)nc(N3CCC(c4ccco4)C3)n2)CCO1,0
HGODEL0013-25-52-308,CC(=O)NCCC(NCc1cc(C(=O)NCCN2C(=O)CCCC2=O)nn1CC(C)C)C(F)(F)F,0
HGODEL0013-25-31-346,CC(=O)NCCC(NCc1cc2[nH]c(C(=O)Nc3cccc(-c4cccc(C)c4)c3)cc2o1)C(F)(F)F,0
HGODEL0013-25-3-513,CC(=O)NCCC(NCc1cn[nH]c1C(=O)Nc1nnc(CC(F)(F)F)s1)C(F)(F)F,0
HGODEL0013-25-62-343,CC(=O)NCCC(NCc1cnc(C(=O)N2CCC(c3noc(C4CC4)n3)CC2)cn1)C(F)(F)F,0
HGODEL0045-319-34,CC(=O)NCCCCCCN1Cc2cc(-c3cccnc3)ccc2C1=O,0
HGODEL0034-180-256-650,CC(=O)NCCCCCNC(=O)c1c(C)cc(-c2noc(CCN3CCCCCC3=O)n2)cc1C,0
HGODEL0027-816-484-327,CC(=O)NCCC[C@H]1CCCN1c1nc(NCCC2CCCC2(C)C)nc(N2CC(=O)N(CC3CC3)C2)n1,0
HGODEL0013-34-10-101,CC(=O)NCCN1CCC(NCc2cn(C3CCOCC3)nc2C(=O)N2CCCC2Cc2ccc(C)cc2)CC1,0
HGODEL0034-288-105-621,CC(=O)NCCNC(=O)Cc1ccc(-c2noc(C(C)c3cccs3)n2)c(F)c1,0
HGODEL0027-1099-145-432,CC(=O)NCCOC1CN(c2nc(NC(C)c3cn(C)nc3C)nc(N[C@H](C)CO)n2)C1,0
HGODEL0034-278-249-506,CC(=O)NCCOCCNC(=O)c1ccccc1OCc1noc([C@@H]2C[C@H]2CC(C)C)n1,0
HGODEL0013-47-52-457,CC(=O)NCCc1ccc(NCc2cc(C(=O)N3CCC4(CC3)CC(C3CC3)=NO4)nn2CC(C)C)cc1,0
HGODEL0013-47-68-495,CC(=O)NCCc1ccc(NCc2cccc(-c3ccc(C(=O)N4CCc5c(cccc5N5CCOC5=O)C4)cc3)n2)cc1,0
HGODEL0015-1645-295-107,CC(=O)NCc1cc(C)cc(NC(=O)C[C@H](Cc2ccc3ccccc3c2)NC(=O)C2(C3CC3)CCOCC2)c1,0
HGODEL0013-43-16-490,CC(=O)NCc1cc(C)cc(NCc2cccc(OCCCC(=O)N3CCN(c4ncnc5c4cnn5C)CC3)c2)c1,0
HGODEL0013-42-66-142,CC(=O)NCc1cc(F)cc(NCc2ccc(C(=O)N3CCC(n4ccc(C(F)(F)F)n4)CC3)c(Cl)c2)c1,0
HGODEL0013-12-29-36,CC(=O)NCc1ccc(NCc2cc(C(=O)Nc3snnc3-c3ccccc3)ccc2F)cc1,0
HGODEL0032-339-405-379,CC(=O)NCc1ccc2c(c1)CCN(C(=O)c1cc(C#Cc3nccc4c3CCCC4)cc3[nH]nnc13)C2,0
HGODEL0013-56-52-5,CC(=O)NCc1cccc(NCc2cc(C(=O)NCCN3C(C)CCCC3C)nn2CC(C)C)c1,0
HGODEL0013-56-57-352,CC(=O)NCc1cccc(NCc2cnc(C(=O)N3CCCC3C(=O)OCc3ccccc3)s2)c1,0
HGODEL0015-535-411-106,CC(=O)NCc1cccc2c1CCCN2C(=O)CC(NC(=O)[C@@H]1C[C@H]1c1ccsc1)c1cccc(F)c1,0
HGODEL0015-525-194-355,CC(=O)N[C@@H](C)CNC(=O)[C@H](Cc1ccccc1)NC(=O)c1cn2ncc(C#N)c2nc1C,0
HGODEL0013-2-14-413,CC(=O)N[C@@H]1CCC[C@H]1NCc1cc(F)c(C(=O)NCc2cccc(Oc3cncc(C)n3)c2)c(F)c1,0
HGODEL0013-2-54-316,CC(=O)N[C@@H]1CCC[C@H]1NCc1ccc(C(=O)NC(c2cccc(C#N)c2)C(F)(F)F)cn1,0
HGODEL0013-2-62-134,CC(=O)N[C@@H]1CCC[C@H]1NCc1cnc(C(=O)N2CCC3(CCCN(C)C3=O)C2)cn1,0
HGODEL0034-214-193-612,CC(=O)N[C@@H]1CCN(C(=O)c2cccc3c2C(c2noc(-c4cccc5c(C)[nH]nc45)n2)C3)C1,0
HGODEL0025-29-1-379,CC(=O)N[C@H](C)C(=O)N1CCCC1CN1CCN(C2CCN(C)CC2)CC1,0
HGODEL0013-19-70-187,CC(=O)N[C@H](CNCc1cccc(C(=O)NCc2ccc(OC(F)F)cn2)n1)c1ccccc1,0
HGODEL0027-1067-694-211,CC(=O)N[C@H]1CCCN(c2nc(NCC3CCC(=O)N3C)nc(N3CCC(c4ccco4)C3)n2)C1,0
HGODEL0044-821-790,CC(=O)N[C@H]1CCC[C@@H]1NC(=O)c1ccc2c(c1)CN(C1CCC3(CC1)CNC(=O)C3)C2=O,0
HGODEL0013-52-42-478,CC(=O)N[C@H]1CCC[C@@H]1NCc1ccccc1-c1cccc(C(=O)N2CCN(C3CC3)c3ccc(F)cc32)c1,0
HGODEL0013-52-12-422,CC(=O)N[C@H]1CCC[C@@H]1NCc1cccn1C(Cc1ccccc1)C(=O)NC1CCCN(c2cc(C)ncn2)C1,0
HGODEL0030-859-2-188,CC(=O)N[C@H]1CCN(C(=O)COc2ccc(CNCC3CCn4ccnc4C3)cc2)[C@H](C)C1,0
HGODEL0013-8-72-244,CC(=O)N[C@H]1CC[C@H](CNCc2cccc(C(=O)NCC(C)(C)c3ccncc3)c2F)CC1,0
HGODEL0034-226-14-1547,CC(=O)N[C@H]1CC[C@H](NC(=O)COCc2cccc(-c3noc(-c4ccc([N+](=O)[O-])n4C)n3)c2)CC1,0
HGODEL0027-932-81-404,CC(=O)N[C@H]1CC[C@H](Nc2nc(N3CCC(F)(F)CC3)nc(N3CCC3C3CC3)n2)CC1,0
HGODEL0027-1024-573-371,CC(=O)N[C@H]1C[C@H](CNc2nc(NC(CO)CC(C)C)nc(N3CCCC3C3CCCC3)n2)C1,0
HGODEL0013-40-40-339,CC(=O)Nc1cc(C)c(C)cc1NCc1c(F)cc(C(=O)Nc2cn(C)nc2C(=O)N(C)C)cc1F,0
HGODEL0013-41-73-161,CC(=O)Nc1cc(NCc2c(F)cc(C(=O)Nc3ccc(-n4ccnc4C)nc3)cc2F)ccc1F,0
HGODEL0013-41-65-120,CC(=O)Nc1cc(NCc2cc(C(=O)Nc3cnc4ccccc4n3)no2)ccc1F,0
HGODEL0013-57-56-18,CC(=O)Nc1cc2c(cc1NCc1cc(C(=O)N3CCN(C4CCCN(C)C4)CC3)nn1C)OCO2,0
HGODEL0013-57-18-219,CC(=O)Nc1cc2c(cc1NCc1ccc(-c3ccc(C(=O)NCC4(OC(C)C)CCCCC4)cc3)o1)OCO2,0
HGODEL0013-57-58-506,CC(=O)Nc1cc2c(cc1NCc1ncc(C(=O)N3CCN(Cc4ccc5c(c4)OCCO5)CC3)cc1Cl)OCO2,0
HGODEL0013-55-37-309,CC(=O)Nc1ccc(NCc2ccc(-c3ccc(C(=O)N[C@@H]4CCOC[C@@H]4Nc4ccncn4)cc3)c(C)c2)c(C)c1,0
HGODEL0013-31-64-235,CC(=O)Nc1cccc(NCc2ccc(C(=O)NCc3ccc(Oc4cncc(C)n4)cc3)cc2C(F)(F)F)c1,0
HGODEL0013-31-57-467,CC(=O)Nc1cccc(NCc2cnc(C(=O)NCCCN3C(=O)NC4(CCCCC4)C3=O)s2)c1,0
HGODEL0015-15-207-134,CC(C)CC(NC(=O)C1(c2cccs2)CC1)c1nc(C(=O)N(C)Cc2ccnn2-c2ccccn2)cs1,0
HGODEL0025-44-2-370,CC(C)C[C@@H]1CN(C)CCN1CCN(C)C(=O)CN1CCS(=O)(=O)CC1,0
HGODEL0025-44-4-1002,CC(C)C[C@@H]1CN(C)CCN1C[C@@H]1CCCN1Cc1ccc(CN2CCOCC2)s1,0
HGODEL0014-345-79-707,CC(C)N1CCc2cc(-c3cn(CCC4CCCN(C(=O)c5ccc(F)c(CN(C)C)c5)C4)nn3)ccc21,0
HGODEL0027-806-484-61,CC(C)c1cn[nH]c1N(C)c1nc(NCCC2CCCC2(C)C)nc(N2CCC[C@@H]2c2ccon2)n1,0
HGODEL0015-1083-412-291,CC(C)n1cnc(CN(C)C(=O)C(Cc2cnn(C)c2)NC(=O)C2(C)CC3(CC3)C2)c1,0
HGODEL0027-788-221-405,CC(O)CN(C)c1nc(NC[C@@H]2CC[C@H](C3CC3)O2)nc(N2CCc3c(nnn3C)C2)n1,0
HGODEL0028-312-128-652,CC(Oc1cccc(CN(C)C)c1)C(=O)NCCCC1CCN(Cc2cnc(C3CCCCC3)nc2)CC1,0
HGODEL0015-1204-265-310,CC1CCN(C(C)CN(C)C(=O)C23CC(CNC(=O)C(C)(C)C#N)(C2)OC32CCOCC2)CC1,0
HGODEL0015-621-209-62,CC1CN(c2cc(CN(C)C(=O)Cc3ccccc3CNC(=O)c3n[nH]c4c3C[C@H]3C[C@@H]43)ccn2)CCO1,0
HGODEL0034-119-55-1342,CCC(C(=O)NC)N(C)C(=O)C(C)(C)c1cccc(-c2noc(CCc3ccn(C)n3)n2)c1,0
HGODEL0015-1604-43-7,CCC(C(=O)N[C@H](CC1CCCCC1)C(=O)N1CCCC(NC(C)=O)C1)C(C)C,0
HGODEL0013-39-59-107,CCC(C)n1nc(C(=O)N(C)c2ccncc2)cc1CNC1CC(CCNC(C)=O)C1,0
HGODEL0013-155-59-181,CCC(C)n1nc(C(=O)N2CCC(OCC3CCCCO3)CC2)cc1CN[C@@H](CC(=O)NC)c1ccccc1,0
HGODEL0013-108-59-482,CCC(C)n1nc(C(=O)N2CCC(c3nc4ccccc4[nH]3)C2)cc1CNCC(C(=O)NC)c1cccc(C)c1,0
HGODEL0013-83-59-72,CCC(C)n1nc(C(=O)N2CCN(c3nc(C)no3)CC2)cc1CN[C@@H](CC(=O)NC)Cc1ccccc1Cl,0
HGODEL0013-250-59-450,CCC(C)n1nc(C(=O)N2CCOc3cccc(C(=O)OC)c3C2)cc1CNCC12CC(C(=O)NC)(C1)C1(CCOCC1)O2,0
HGODEL0013-67-59-446,CCC(C)n1nc(C(=O)NCCN2CC3CCCCN3C2=O)cc1CNc1ccc2c(c1)OCCN(C(C)=O)C2,0
HGODEL0013-196-50-420,CCC(CC)(CNC(=O)c1cc(CN[C@H](CC(=O)NC)Cc2ccccc2C)[nH]n1)N1CCOCC1,0
HGODEL0013-174-47-420,CCC(CC)(CNC(=O)c1cnc2c(CNC(CC(=O)NC)C(F)F)cccn12)N1CCOCC1,0
HGODEL0013-252-55-420,CCC(CC)(CNC(=O)c1csc(CNC2CCN(Cc3cn(C)nc3C(=O)NC)C2)c1)N1CCOCC1,0
HGODEL0013-263-22-485,CCC(CC)(CNCc1ccn([C@H]2C[C@H](C(=O)N3CC=C(c4ccccc4S(C)(=O)=O)CC3)C2)n1)C(=O)NC,0
HGODEL0034-264-267-521,CCC(CC)n1ccc(-c2nc([C@H]3C[C@H]3C(=O)N3CCCC(CNC(C)=O)C3)no2)n1,0
HGODEL0013-198-34-462,CCC(CCNCc1cc(Cl)c(OC(C)C(=O)NCCc2ccc(-n3cccn3)cc2)c(OC)c1)C(=O)NC,0
HGODEL0013-198-70-498,CCC(CCNCc1cccc(C(=O)N2CCc3[nH]nc(C4CCN(C)CC4)c3C2)n1)C(=O)NC,0
HGODEL0013-84-62-79,CCC(CNCc1cnc(C(=O)Nc2ncc(CC(C)C)s2)cn1)CC(=O)NC,0
HGODEL0015-1073-249-35,CCC(Cl)C(=O)N[C@@H](Cc1ccncc1)C(=O)N(C)CC1CCC(F)(F)C1,0
HGODEL0033-251-317-556,CCC(Oc1ccc(Nc2cnn(C(C)C)c2)cc1)C(=O)N1CCC(CCC(=O)NC)C1,0
HGODEL0015-1517-67-130,CCC1(C(=O)N[C@@H](C(=O)N2CCC(CNC(C)=O)(C3CC3)C2)C2CCCC2)CC1,0
HGODEL0027-364-519-385,CCC1(C)CCCN(c2nc(NC(C(=O)NC)c3cc(C)cc(C)c3)nc(N(C)CCS(C)(=O)=O)n2)C1,0
HGODEL0027-695-132-128,CCC1(O)CCN(c2nc(NCCCc3cccnc3)nc(N(C)CC3CC4(CC4)CO3)n2)CC1,0
HGODEL0027-785-326-128,CCC1(O)CCN(c2nc(Nc3cc(C#N)ccc3C)nc(N(C)Cc3cncc(C)c3)n2)CC1,0
HGODEL0013-209-69-326,CCC1CN(C(=O)c2ccc(CN[C@@H](COCc3ccccc3)CC(=O)NC)cc2F)c2ccccc21,0
HGODEL0027-226-302-450,CCC1CN(C)CCN(c2nc(N3CCCC(C)(CO)C3)nc(N3CC4(COC(CC(=O)NC)C4)C3)n2)C1,0
HGODEL0019-1-616-255,CCCC(=O)N1C[C@H](Cc2cccc(-c3cccc4scnc34)c2)C[C@H]1C(=O)NC,0
HGODEL0024-11-3-445,CCCC(C(=O)NC)n1c(-c2cc(OC)c(OC)cc2F)nc2cc(S(C)(=O)=O)ccc21,0
HGODEL0033-150-214-390,CCCC1(Nc2ccc(C(=O)NC(Cc3ccccc3)C(=O)NC)c3c2CCCO3)CC1,0
HGODEL0013-189-19-97,CCCC1CN(C(=O)C(C)Oc2cccc(CNCc3cc(C(=O)NC)ccn3)c2)CCN1CCOC,0
HGODEL0015-1464-373-380,CCCCCC(C)CCC(=O)N[C@H](C(=O)N(C)CC1=NN(C)C(=O)C1)C(C)(C)C,0
HGODEL0015-921-348-382,CCCCCCCCCC(=O)NC1CC2(CCC(C(=O)N(C)Cc3cnc4n3CCCC4)CC2)C1,0
HGODEL0020-2-1255-394,CCCCCOc1ccc(-c2ccc(-c3ccc(C(=O)NC)c(N4CCN(CC(=O)NC5CCCCC5)CC4)n3)cc2)cc1,0
HGODEL0020-2-50-616,CCCCNC(=O)c1ccc(F)c(-c2ccc(C(=O)NC)c(N3CCN(CCOCC)CC3)n2)c1,0
HGODEL0027-811-616-65,CCCCOCCNc1nc(N2CCNC(=O)C2)nc(N2CC[C@@H](NC(C)=O)[C@H](F)C2)n1,0
HGODEL0007-67-5-177,CCCCOc1cc(-c2nc(NC(C(=O)NC)C3CC3)c3ncn(C)c3n2)cc(C(F)(F)F)c1,0
HGODEL0020-2-739-34,CCCCOc1ccc(-c2ccc(C(=O)NC)c(NCC3(N4CCOCC4)CCCC3)n2)cc1F,0
HGODEL0008-84-90-1736,CCCCOc1ccc(F)c(C(CN(CCc2ccc(OC)c(OC)c2)CC2CCOC(C)(C)C2)C(=O)NC)c1,0
HGODEL0013-266-6-530,CCCC[C@H](CC(=O)NC)NCc1cc(C(=O)Nc2nc(-c3cnn(CC)c3C)cs2)c(OC)cc1OC,0
HGODEL0024-76-7-314,CCCCc1nc(Cl)c(-c2nc3cccnc3n2[C@@H](CCCC)C(=O)NC)[nH]1,0
HGODEL0009-21-453-2698,CCCCc1nc(Cl)c(CN2CCC[C@H](n3cc(C(=O)NC)c4cc(-c5occc5C#N)ccc43)C2)[nH]1,0
HGODEL0013-205-34-66,CCCCn1nnnc1NC(=O)C(C)Oc1c(Cl)cc(CNCC23CC(C(=O)NC)(C2)C2(COC2)O3)cc1OC,0
HGODEL0013-110-2-66,CCCCn1nnnc1NC(=O)Cn1cc(CNC(C)CCC(=O)NC)nn1,0
HGODEL0020-2-558-349,CCCN(CCC)C1CCN(c2nc(-c3cccc(C(F)(F)F)c3F)ccc2C(=O)NC)CC1,0
HGODEL0013-315-38-497,CCCN1CCN(C2CCN(C(=O)Cc3ccc(CNCc4ccsc4C(=O)NC)cc3)CC2)CC1,0
HGODEL0007-10-5-248,CCCNC(=O)c1cc(F)cc(-c2nc(N3CCCCC3C(=O)NC)c3ncn(C)c3n2)c1,0
HGODEL0020-2-790-140,CCCOCCN1CCN(c2nc(-c3cc(F)cc(F)c3)ccc2C(=O)NC)CC1,0
HGODEL0013-186-58-212,CCCO[C@H]1CC[C@H](NC(=O)c2cnc(CNCc3ccc(C4(C(=O)NC)CC4)cc3)c(Cl)c2)CC1,0
HGODEL0020-2-789-214,CCCOc1cc(-c2ccc(C(=O)NC)c(NCCc3cccc(OC)c3)n2)cc(C(F)(F)F)c1,0
HGODEL0020-2-565-385,CCCOc1ccc(-c2ccc(C(=O)NC)c(N(C)CCCOc3ccccc3)n2)cc1F,0
HGODEL0020-2-682-532,CCCOc1ccccc1-c1ccc(C(=O)NC)c(NC(C)Cc2cnccn2)n1,0
HGODEL0009-40-270-81,CCCOc1ccccc1-c1ccc(CC2(C(=O)NC)CCN(C(=O)C(C)Cn3cccn3)CC2)s1,0
HGODEL0024-151-9-190,CCCOc1ccccc1-c1nc2cc(S(N)(=O)=O)ccc2n1[C@@H](Cc1ccc(OC)c(OC)c1)C(=O)NC,0
HGODEL0020-2-771-321,CCCOc1ccccc1CCCNc1nc(-c2ccccc2C(=O)N(CC)CC)ccc1C(=O)NC,0
HGODEL0013-213-35-411,CCC[C@H](CC(=O)NC)NCc1cc(C(=O)NC(C)c2ccc(-n3cncn3)cc2)c(C)cc1C,0
HGODEL0013-213-32-83,CCC[C@H](CC(=O)NC)NCc1ccc2oc(C(=O)N3CCC[C@@H]3Cc3ccc(OC)c(OC)c3)cc2c1,0
HGODEL0027-502-254-213,CCCc1cnc(Nc2nc(N[C@@H]3CC(=O)N(C)C3)nc(N3CCC(CCC(=O)NC)CC3)n2)s1,0
HGODEL0034-63-67-286,CCCc1nc(-c2cccc(C(C)(C)C(=O)N(C)[C@@H](C)C(=O)NC)c2F)no1,0
HGODEL0024-145-11-301,CCCc1nnc(-c2ccc(-c3nc4ccc(C(=O)O)nc4n3[C@@H](C)c3ccc(C(=O)NC)cc3)cc2)o1,0
HGODEL0032-93-384-43,CCCn1cc(C#Cc2cc(C(=O)N3CC4(C(=O)NC)CC3C4)cc(F)c2F)cn1,0
HGODEL0028-204-102-831,CCCn1cc(CN2CC3(CC(NC(=O)C(C)C4CCN(C)CC4)C3)C2)c(C)n1,0
HGODEL0024-173-5-439,CCCn1ncc(-c2nc3ccccc3n2C(Cc2ccc(Cl)cc2)C(=O)NC)c1C,0
HGODEL0012-1-53-1228,CCCn1ncc(NC(=O)c2ccc(C(=O)N3CCC4(CC3)COC(CNC(C)=O)C4)s2)c1C1CC1,0
HGODEL0027-761-404-361,CCN(C)C1CCN(c2nc(N(C)CCc3cccnc3)nc(N3CCNC(=O)C3C)n2)C1,0
HGODEL0020-2-595-56,CCN(CC)C(=O)N1CCN(c2nc(-c3cc(OC)ccc3OC)ccc2C(=O)NC)CC1,0
HGODEL0041-184-372,CCN(CC)C(=O)c1ccc(C(CN2CC(OCC(C)C)C2)C(=O)NC)cc1,0
HGODEL0007-213-4-282,CCN(CC)CCNC(=O)c1ccc(-c2nc(N(CC(=O)NC)Cc3ccc4cc[nH]c4c3)c3ncn(C(C)C)c3n2)cc1,0
HGODEL0010-13-179-3237,CCN(CC)Cc1ccc(CN(Cc2ccc(OCc3ccccc3)cc2OC)CC2(C(=O)NC)CC2)cc1,0
HGODEL0020-1-833-344,CCN(CCc1ccccn1)c1ncc(-c2ccc3nccn3c2)cc1C(=O)NC,0
HGODEL0035-207-25-531,CCN(Cc1ccc(C(=O)NC)c(C)n1)CC(C)C(=O)NCC1(C)CCN(C)C1,0
HGODEL0020-2-1253-196,CCN(Cc1ccc(OC)cc1)c1nc(-c2ccc(OCc3ccccc3)c(C)c2)ccc1C(=O)NC,0
HGODEL0013-325-7-312,CCN1C(=O)C(NC(=O)C(C)Oc2ccc(CNCC(CC(=O)NC)C3CCCCC3)cc2OC)c2cc(C)ccc21,0
HGODEL0013-4-38-312,CCN1C(=O)C(NC(=O)Cc2ccc(CNC3CN(C(C)=O)C3)cc2)c2cc(C)ccc21,0
HGODEL0020-2-1176-59,CCN1CCC(CNc2nc(-c3ccc(C)cc3OC)ccc2C(=O)NC)(N(C)C)CC1,0
HGODEL0013-109-73-35,CCN1CCN(C(=O)c2cc(F)c(CNCC3(F)CC(C(=O)NC)C3)c(F)c2)CC12CCOC2,0
HGODEL0013-209-68-93,CCN1CCN(C(=O)c2ccc(-c3cccc(CN[C@@H](COCc4ccccc4)CC(=O)NC)n3)cc2)C(C)C1,0
HGODEL0012-498-50-1022,CCN1CCN(c2cc(CNC(=O)c3ccc(CCC(=O)N(C)CC4CCC5(CC5)CN4C)[nH]3)ccn2)CC1,0
HGODEL0031-4-540-2872,CCN1CCOC(CNCc2cc(-c3cccc(C4CC4)c3)ccc2N2CCC(C(=O)NC)CC2)C1,0
HGODEL0020-1-47-305,CCNC(=O)c1ccc(F)c(-c2cnc(N[C@@H](C)c3cccc(OC)c3)c(C(=O)NC)c2)c1,0
HGODEL0020-2-510-422,CCNC(=O)c1cccc(-c2ccc(C(=O)NC)c(NCC3CCN(C4CCN(C)CC4)CC3)n2)c1,0
HGODEL0020-1-1287-590,CCOC(=O)c1cc2cccc(-c3cnc(NCC4(C)COC4)c(C(=O)NC)c3)c2[nH]1,0
HGODEL0010-11-1025-669,CCOC(C(=O)N(Cc1cccc(NC(=O)N(C)C)c1)Cc1ccc(C(=O)NC)s1)C1CCCC1,0
HGODEL0013-92-21-233,CCOC(CC)CNC(=O)CCOc1ccccc1CN[C@H](CC(=O)NC)Cc1cccc(Cl)c1,0
HGODEL0013-251-24-233,CCOC(CC)CNC(=O)c1ccc(CNC2CCC3(CC2)CC3C(=O)NC)cc1,0
HGODEL0013-180-70-233,CCOC(CC)CNC(=O)c1cccc(CNCc2cc(C)c(C(=O)NC)o2)n1,0
HGODEL0017-177-1-468,CCOC(CC)CNC(=O)c1nccnc1N1CCc2ccccc2C1C(=O)NC,0
HGODEL0013-104-2-202,CCOC(CCNC(=O)Cn1cc(CN[C@H](CC(=O)NC)C(C)(C)C)nn1)C1CCCC1,0
HGODEL0027-146-133-227,CCOCC(Nc1nc(Nc2ccc(OC)cn2)nc(N(C)Cc2cscn2)n1)C(=O)NC,0
HGODEL0009-43-10-1682,CCOCCn1cc(C(=O)N2CC[C@@](Cc3ccnc(-c4cc(F)cc(F)c4)c3)(C(=O)NC)C2)cn1,0
HGODEL0015-1375-67-173,CCON1CCC(CC(=O)N[C@@H](C(=O)N(C)c2n[nH]cc2C2CC2)C2CCCC2)CC1,0
HGODEL0013-350-8-336,CCOc1cc(CNC(CC(=O)NC)c2cccc(C(F)(F)F)c2)c(Cl)cc1OCC(=O)Nc1ccc(-c2ccccc2)c(OC)c1,0
HGODEL0013-172-8-228,CCOc1cc(CNC(CC(=O)NC)c2ccccc2Cl)c(Cl)cc1OCC(=O)NC(C)C1CC(F)(F)C1,0
HGODEL0013-25-27-122,CCOc1cc(CNC(CCNC(C)=O)C(F)(F)F)cc(Cl)c1OCC(=O)N1CCCC(N2CCNC2=O)C1,0
HGODEL0013-206-27-182,CCOc1cc(CNCC(C)C(=O)NC)cc(Cl)c1OCC(=O)N1CCCC1c1nncn1CC(C)C,0
HGODEL0013-297-8-86,CCOc1cc(CNCC23CC(C(=O)NC)(C2)C(C)O3)c(Cl)cc1OCC(=O)Nc1ccccc1Oc1cccc(Cl)c1,0
HGODEL0013-250-8-211,CCOc1cc(CNCC23CC(C(=O)NC)(C2)C2(CCOCC2)O3)c(Cl)cc1OCC(=O)NC1CCCN(Cc2noc(C3CC3)n2)C1,0
HGODEL0013-46-27-199,CCOc1cc(CNCCN(C)C(C)=O)cc(Cl)c1OCC(=O)NCCCN(CC)c1ccccc1,0
HGODEL0013-316-27-47,CCOc1cc(CNCCc2nc(C(=O)NC)cs2)cc(Cl)c1OCC(=O)Nc1cc(C(F)(F)F)ccc1Br,0
HGODEL0013-197-8-274,CCOc1cc(CNC[C@@H]2COC[C@H]2n2cc(C(=O)NC)nn2)c(Cl)cc1OCC(=O)NC(C)C1(OC)CCC1,0
HGODEL0013-332-27-174,CCOc1cc(CNCc2ccc(C(=O)NC)s2)cc(Cl)c1OCC(=O)NCCc1ccccc1Br,0
HGODEL0013-353-27-380,CCOc1cc(CNCc2ncccc2C(=O)NC)cc(Cl)c1OCC(=O)NC(C)c1cnc(C(F)(F)F)s1,0
HGODEL0013-194-27-457,CCOc1cc(CN[C@@H](CC(=O)NC)Cc2ccccc2)cc(Cl)c1OCC(=O)N1CCC2(CC1)CC(C1CC1)=NO2,0
HGODEL0013-154-27-426,CCOc1cc(CN[C@@H]2CCC[C@H]2CC(=O)NC)cc(Cl)c1OCC(=O)NCCN1CCN(c2ncccn2)CC1,0
HGODEL0013-71-8-249,CCOc1cc(CNc2ccc(C)c(NC(C)=O)c2)c(Cl)cc1OCC(=O)NCc1ccc(F)cn1,0
HGODEL0013-68-8-9,CCOc1cc(CNc2ccc3c(c2)CCCN3C(C)=O)c(Cl)cc1OCC(=O)Nc1cncc(C(C)C)c1,0
HGODEL0008-156-4-51,CCOc1cc(F)cc(C(CN(Cc2ccc3cc[nH]c3c2)C(=O)c2nnn3ccccc23)C(=O)NC)c1,0
HGODEL0032-304-520-315,CCOc1ccc(C#Cc2ccc(OC)c(C(=O)N3CCCN(C(C)=O)CC3)c2OC)cc1,0
HGODEL0041-311-700,CCOc1ccc(C(CN2CCOC(c3ccc(C)o3)C2)C(=O)NC)c(F)c1F,0
HGODEL0024-161-12-424,CCOc1cccc(-c2nc3cc(C(F)(F)F)cnc3n2[C@@H](Cc2csc3ccccc23)C(=O)NC)c1O,0
HGODEL0008-96-121-1369,CCOc1ccccc1CCCN(Cc1ccc(C)cc1F)CC(C(=O)NC)c1cnc(OC)nc1,0
HGODEL0015-1355-402-402,CCOc1ccccc1[C@@H](CC(=O)N(C)Cc1ccnc(SC(C)(C)C)c1)NC(=O)CCCCCCCc1ccccc1,0
HGODEL0040-325-10-1597,CCOc1ncc(C(=O)NC)cc1Nc1cccc(C(=O)NCc2c(C)cccc2F)c1C,0
HGODEL0034-20-147-252,CCOc1ncc(C(=O)N[C@H](C(=O)NC)[C@@H](C)CC)cc1-c1noc(-c2cccc3c(C#N)c[nH]c23)n1,0
HGODEL0041-237-1201,CCOc1ncc(C(CN2CCN(c3cccc(OC(F)F)c3)CC2)C(=O)NC)cc1F,0
HGODEL0041-82-1454,CCOc1ncc(C(F)(F)F)cc1C(CNC[C@@H]1C[C@H](F)CN1c1ccnc(N(C)C)n1)C(=O)NC,0
HGODEL0010-15-1351-488,CC[C@@H](C)C(=O)N(Cc1cccc(CC(=O)NC)c1)Cc1nc(-c2ccccc2C)no1,0
HGODEL0013-278-69-321,CC[C@H](C)[C@@H](CC(=O)NC)NCc1ccc(C(=O)N2CCC3(CCOC3=O)CC2)c(F)c1,0
HGODEL0013-278-3-361,CC[C@H](C)[C@@H](CC(=O)NC)NCc1cn[nH]c1C(=O)NCCCC1CCCCC1,0
HGODEL0027-341-117-305,CC[C@H](C)[C@@H](CO)Nc1nc(NC2CCc3nccn3C2)nc(N(C)CCOc2ccccc2C(=O)NC)n1,0
HGODEL0005-21-230-110,CC[C@H](C)[C@H](Nc1nc(Nc2ccc(C(C)C#N)cc2)cc(N2CCN(C(=O)c3ccco3)CC2)n1)C(=O)NC,0
HGODEL0013-216-36-412,CC[C@H](CC(=O)NC)NCc1c(F)ccc(C(=O)NCCc2cc3ccc(C(=O)OC)cc3o2)c1F,0
HGODEL0013-216-71-321,CC[C@H](CC(=O)NC)NCc1cn2cc(C(=O)N3CCC4(CCOC4=O)CC3)ccc2n1,0
HGODEL0020-2-681-351,CC[C@H](CO)Nc1nc(-c2cc(C(F)(F)F)ccc2F)ccc1C(=O)NC,0
HGODEL0020-2-402-192,CCc1ccc(-c2ccc(-c3ccc(C(=O)NC)c(NCCS(C)(=O)=O)n3)cc2)cc1,0
HGODEL0020-1-1332-192,CCc1ccc(-c2ccc(-c3cnc(N4CCN(S(=O)(=O)c5cccs5)CC4)c(C(=O)NC)c3)cc2)cc1,0
HGODEL0028-111-164-111,CCc1ccc(-c2cn[nH]c2CN2CCC(O)(CN(C)C(=O)CC(NC(C)=O)C3CCCC3)CC2)cc1,0
HGODEL0013-138-65-342,CCc1ccc(C2=CCN(C(=O)c3cc(CN[C@H](COCc4ccccc4)CC(=O)NC)on3)CC2)cc1,0
HGODEL0013-188-23-342,CCc1ccc(C2=CCN(C(=O)c3ccccc3-c3ccc(CNCCC(=O)NC)cc3)CC2)cc1,0
HGODEL0041-408-482,CCc1ccc(C2CCCN(CC(C(=O)NC)c3cnc(SC)nc3)C2)cc1,0
HGODEL0013-62-35-292,CCc1ccc2c(c1)C(NC(=O)c1cc(CNC3CCN(C(C)=O)CC3)c(C)cc1C)C(=O)N2C,0
HGODEL0013-304-59-292,CCc1ccc2c(c1)C(NC(=O)c1cc(CNCc3cccc(-c4nc(C(=O)NC)cs4)c3)n(C(C)CC)n1)C(=O)N2C,0
HGODEL0027-489-311-23,CCc1cn[nH]c1Nc1nc(NC2CCn3ccnc3C2)nc(NC(C(=O)NC)c2ccc(OC)cc2)n1,0
HGODEL0030-845-50-55,CCc1cnoc1NCc1cc(C(=O)N2CCC(NC(C)=O)C2(C)C)c(C)cc1C,0
HGODEL0013-214-34-378,CCc1n[nH]c(=O)c(CNC(=O)C(C)Oc2c(Cl)cc(CNCc3cc(C(=O)NC)co3)cc2OC)c1CC,0
HGODEL0025-13-11-98,CCc1nccn1CCC(=O)N1CCC(CN2CC[C@H](N(C)C)C2)CC1,0
HGODEL0013-231-24-514,CCc1ncsc1NC(=O)c1ccc(CNC2CCN(c3cc(C(=O)NC)ccn3)CC2)cc1,0
HGODEL0041-386-765,CCc1nnc(C2CCN(CC(C(=O)NC)c3cccc(SC(F)(F)F)c3)CC2)[nH]1,0
HGODEL0025-21-1-316,CCn1cc(C(=O)N2CCCC2CN2CCN(C)C(c3ccc(Cl)c(Cl)c3)C2)c(C)n1,0
HGODEL0027-880-9-20,CCn1cc(CCNc2nc(NC)nc(N(C)C3CCN(C(C)=O)C3)n2)nn1,0
HGODEL0027-943-674-392,CCn1cc(CCNc2nc(N[C@H]3CCCN(C(C)=O)C3)nc(N(C)Cc3cn(C)nc3C)n2)nn1,0
HGODEL0027-780-696-383,CCn1ccnc1CNc1nc(NC(C)Cc2cccnc2)nc(N(C)CCC2=CCCCC2)n1,0
HGODEL0013-69-19-184,CCn1cnnc1NC(=O)C(C)Oc1cccc(CNc2ccc3c(c2)CCN(C(C)=O)C3)c1,0
HGODEL0013-100-29-530,CCn1ncc(-c2csc(NC(=O)c3ccc(F)c(CN[C@@H](CC(=O)NC)Cc4cc(F)c(F)cc4F)c3)n2)c1C,0
HGODEL0009-43-494-2522,CCn1ncc2cc(-c3cc(C[C@@]4(C(=O)NC)CCN(CC(C)Cc5ccnn5C)C4)ccn3)ccc21,0
HGODEL0015-1739-44-48,CN(C(=O)C(Cc1ccc(OC(F)F)cc1)NC(=O)c1c[nH]c(=O)o1)c1cnn(C2CCCCC2)c1,0
HGODEL0025-12-1-217,CN(C)C1CN(CC2CCCN2C(=O)c2ccc(-n3cccn3)nc2)C1,0
HGODEL0012-291-14-277,CN(CC(F)(F)CC1CC1)C(=O)CCCn1ccc(C(=O)Nc2nc3c(s2)COCC3)n1,0
HGODEL0015-367-209-302,CN(CC1(C2CCC2)CCC1)C(=O)Cc1ccccc1CNC(=O)c1cnccc1C#N,0
HGODEL0015-322-244-299,CN(CC12CC(C(F)(F)F)(C1)C2)C(=O)c1ccc(CNC(=O)c2cc(C#N)c3n2CCCC3)o1,0
HGODEL0015-1010-153-406,CN(CC1CC(c2ccccc2)C1)C(=O)[C@H](Cc1ccc(F)cc1)NC(=O)c1c[nH]c(=O)n(C)c1=O,0
HGODEL0015-969-30-121,CN(CC1CCCN(c2nccn3cnnc23)C1)C(=O)C(Cc1cccc(F)c1)NC(=O)C1(C)CCNC(=O)C1,0
HGODEL0015-1143-294-442,CN(CCOC(F)F)C(=O)c1ccnc(CNC(=O)C=C2CCC2)c1,0
HGODEL0012-247-5-719,CN(CCc1cccc2c1OCO2)C(=O)c1nn(C)cc1C(=O)NCc1ccc2c(c1)ncn2C,0
HGODEL0015-759-281-282,CN(CCc1cn[nH]c1C(F)(F)F)C(=O)C1CCC(NC(=O)c2ccc(C(C)(C)C#N)cc2)CC1,0
HGODEL0030-1998-46-185,CN(CCc1ncc(F)cc1F)C(=O)c1cn2c(c1CN1CCCCC1C1=NCCN1C)CCCC2,0
HGODEL0015-1021-163-438,CN(CCc1nnc(-c2ccccc2)n1C)C(=O)c1cccc(CCNC(=O)CCCC(=O)c2cccs2)c1,0
HGODEL0015-416-383-185,CN(Cc1ccc(Oc2cccnc2)c(F)c1)C(=O)C(NC(=O)CN(C)C1CCC1)c1ccccc1C(F)(F)F,0
HGODEL0015-443-97-195,CN(Cc1ccc2cnccc2c1)C(=O)c1cc2n(n1)CCCC2NC(=O)C12CCC(F)(CC1)C2,0
HGODEL0027-766-403-346,CN(Cc1ccoc1)c1nc(N(C)Cc2ccco2)nc(N2CCC3(CCCCC3)C2)n1,0
HGODEL0015-1403-423-107,CN(Cc1cnnn1-c1ccccc1)C(=O)[C@H]1C[C@H](NC(=O)C2(C3CC3)CCOCC2)C1,0
HGODEL0025-38-8-273,CN1CC2(CCN(CC3CCCCN3C(=O)c3cncs3)C2)C1,0
HGODEL0028-260-65-1064,CN1CCC(N(C)CC(=O)NCC2(C)CCN(Cc3cc(-c4cccc(F)c4)no3)CC2)CC1,0
HGODEL0025-29-11-893,CN1CCC(N2CCN(CC3CCN(C(=O)c4cccn5ccnc45)CC3)CC2)CC1,0
HGODEL0025-45-6-90,CN1CCCCC1CNCC1CCCN(C(=O)CCO)C1,0
HGODEL0025-19-5-677,CN1CCCN(C[C@H]2COCCN2C(=O)c2cncc(F)c2)CC1,0
HGODEL0025-23-10-346,CN1CCN(CC2CCN(C(=O)c3cccnc3N3CCOCC3)C2)[C@@H](CO)C1,0
HGODEL0025-25-7-688,CN1CCN(CC2CN(C(=O)c3cn[nH]c3)C2)C(CO)C1,0
HGODEL0025-10-11-47,CN1CC[C@@H](N(C)CC2CCN(C(=O)c3ccc(-n4cccn4)cc3)CC2)C1,0
HGODEL0035-255-77-2,CNC(=O)/C=C/c1ccccc1CN1CCC(=O)Nc2cc(C(=O)Nc3cccc(C)c3)ccc21,0
HGODEL0013-133-39-318,CNC(=O)C(C)(C)C(NCc1ccc(C(=O)N2CCCC(c3nnc4n3CCC4)C2)c(OC)c1)c1ccccc1,0
HGODEL0013-133-5-440,CNC(=O)C(C)(C)C(NCc1ccc(C(=O)NC2CCCN(C(=O)Cc3ccccc3)C2)nc1)c1ccccc1,0
HGODEL0013-133-57-289,CNC(=O)C(C)(C)C(NCc1cnc(C(=O)NC(C)c2noc(C(F)(F)F)n2)s1)c1ccccc1,0
HGODEL0013-133-57-250,CNC(=O)C(C)(C)C(NCc1cnc(C(=O)NCCOCCC(C)C)s1)c1ccccc1,0
HGODEL0013-169-45-151,CNC(=O)C(C)(CNCc1cccc(OCc2cccc(C(=O)N3CCCC4(CCN(C)CC4)C3)c2)c1)c1ccccc1,0
HGODEL0013-228-10-36,CNC(=O)C(C)(CNCc1cn(C2CCOCC2)nc1C(=O)Nc1snnc1-c1ccccc1)CC(C)C,0
HGODEL0013-206-14-307,CNC(=O)C(C)CNCc1cc(F)c(C(=O)NC2CC(=O)NC(=O)C2)c(F)c1,0
HGODEL0013-206-10-381,CNC(=O)C(C)CNCc1cn(C2CCOCC2)nc1C(=O)NCCc1ccc(S(C)(=O)=O)cc1,0
HGODEL0011-80-73-1092,CNC(=O)C(C)Oc1c(Cl)cc(CN2CCCC2CN(C)C(=O)CCc2cnn(-c3ccccc3)c2)cc1OC,0
HGODEL0035-272-161-923,CNC(=O)C(C)Oc1cccc(CN2CCOC(C(=O)NC(C)c3n[nH]c(=O)n3C)C2)c1,0
HGODEL0035-123-134-1119,CNC(=O)C(C)c1cccc(CN2C[C@H](C(=O)NCc3cnc(C(C)C)[nH]3)[C@@H](C(F)(F)F)C2)c1,0
HGODEL0013-324-9-28,CNC(=O)C(C)c1cccc(CNCc2c(C(=O)NCC(c3ccc(F)cc3)N(C)C)ncn2C)c1,0
HGODEL0013-324-43-395,CNC(=O)C(C)c1cccc(CNCc2ccc(-c3ccccc3CC(=O)NC3CCCN(c4ccncn4)C3)cc2)c1,0
HGODEL0013-324-42-427,CNC(=O)C(C)c1cccc(CNCc2ccccc2-c2cccc(C(=O)N[C@H]3CCCC[C@H]3n3cc(C(=O)OC)nn3)c2)c1,0
HGODEL0013-324-53-209,CNC(=O)C(C)c1cccc(CNCc2ccoc2C(=O)NC2CCCN(c3cccc(OC)c3)C2)c1,0
HGODEL0024-54-12-300,CNC(=O)C(C1CC1)n1c(-c2ccc(OC)c(CN3CCOCC3)c2)nc2cc(C(F)(F)F)cnc21,0
HGODEL0035-141-66-1813,CNC(=O)C(CC(C)C)c1ccc(OC)c(CN2C[C@@H](C(=O)NCc3n[nH]c4ccccc34)[C@H](c3ccc(OC)cc3)C2)c1,0
HGODEL0040-445-30-106,CNC(=O)C(CC(C)C)c1ccc(OC)c(Nc2cc(C(=O)NC(C3=NCCN3)C3CC3)nn2-c2ccc(F)cc2)c1,0
HGODEL0032-46-313-361,CNC(=O)C(CC1CCOCC1)NC(=O)C1CC(=O)N(c2ccc(C#Cc3cccc4cnccc34)cc2)C1,0
HGODEL0027-42-582-292,CNC(=O)C(CCC(F)(F)F)Nc1nc(NCCOCC(C)C)nc(N2CCCC3(CCC3)C2)n1,0
HGODEL0013-183-65-132,CNC(=O)C(CCNCc1cc(C(=O)Nc2nc3c(s2)COCC3)no1)c1cn[nH]c1C(F)(F)F,0
HGODEL0013-183-44-241,CNC(=O)C(CCNCc1ccc(-c2cccc(C(=O)Nc3cccn(Cc4ccc(C)cc4)c3=O)c2)cc1)c1cn[nH]c1C(F)(F)F,0
HGODEL0013-225-69-414,CNC(=O)C(CCNCc1ccc(C(=O)NCCC2CCN(C3CCN(C)CC3)CC2)c(F)c1)C(C)C,0
HGODEL0013-225-5-253,CNC(=O)C(CCNCc1ccc(C(=O)N[C@H]2C[C@H]3C[C@@H]([C@@H]2C)C3(C)C)nc1)C(C)C,0
HGODEL0013-183-45-220,CNC(=O)C(CCNCc1cccc(OCc2cccc(C(=O)NCCC3CC(OC(C)(C)C)C3)c2)c1)c1cn[nH]c1C(F)(F)F,0
HGODEL0008-219-5-1076,CNC(=O)C(CN(CCC(C)O)C(=O)CCOc1ccccc1)c1cnn(C)c1C(F)(F)F,0
HGODEL0008-175-143-874,CNC(=O)C(CN(CCc1ccc2ncccc2c1)C(=O)Cn1cccc1)c1cncc(C(F)(F)F)c1,0
HGODEL0008-57-39-380,CNC(=O)C(CN(C[C@H]1C[C@@H](c2ccccc2)C1)C(=O)c1cc(F)[nH]n1)c1ccc(OC(C)C)nc1,0
HGODEL0008-159-216-36,CNC(=O)C(CN(Cc1ccc(OC)cc1C)C(=O)Cc1nocc1C)c1cc2cc(C)ccc2s1,0
HGODEL0008-188-114-1243,CNC(=O)C(CN(Cc1ccc2[nH]c(=O)[nH]c2c1)Cc1ccccc1OCC1CC1)c1ccc(C(F)(F)F)c(F)c1,0
HGODEL0008-195-114-711,CNC(=O)C(CN(Cc1ccccc1OCC1CC1)C(=O)c1cc(C)no1)c1ccc(C)c(C(F)(F)F)c1,0
HGODEL0041-13-1533,CNC(=O)C(CN1CC(C)(COC)C1)c1cc(C2CC2)nn1C1CCCCO1,0
HGODEL0041-340-441,CNC(=O)C(CN1CC(OC)C2(CC2)C1)c1ccc(S(=O)(=O)NC(C)(C)C)cc1,0
HGODEL0041-317-1543,CNC(=O)C(CN1CC2(CC2)C1)c1ccc(C(F)(F)F)nc1,0
HGODEL0041-412-206,CNC(=O)C(CN1CC2(CCCC2)C1c1ccccc1)c1c(C)cnn1C,0
HGODEL0041-7-1147,CNC(=O)C(CN1CC2(CCOCC2)C1c1ccccc1)c1cc(Cn2cccn2)ccc1F,0
HGODEL0041-398-881,CNC(=O)C(CN1CCC(C)(OC)C1)c1cnc(N)nc1,0
HGODEL0041-212-1461,CNC(=O)C(CN1CCC(C)(c2nc3ccccc3s2)CC1)c1ccnc2[nH]ccc12,0
HGODEL0041-276-126,CNC(=O)C(CN1CCC(N(C)c2nccs2)CC1)c1ccc(C#N)cc1OC,0
HGODEL0041-381-21,CNC(=O)C(CN1CCC(N2CCC(C)CC2)CC1)c1ccc(C(=O)Nc2cc(C)ccc2C)cc1,0
HGODEL0041-354-245,CNC(=O)C(CN1CCC(O)(c2ccc(F)cc2)CC1)c1ccc(C(=O)NC2CCCC2)c(F)c1,0
HGODEL0041-11-153,CNC(=O)C(CN1CCC(Oc2ncccc2F)CC1)c1cc(C(=O)NCc2ccccc2)ccc1F,0
HGODEL0041-360-1491,CNC(=O)C(CN1CCC(c2ccc(N(C)C)cc2)CC1)c1cnc(OC)c(C(F)(F)F)c1,0
HGODEL0041-112-1333,CNC(=O)C(CN1CCC(c2ccccc2C)CC1)c1cccc(OC)c1F,0
HGODEL0041-97-565,CNC(=O)C(CN1CCCC(Cc2nc(C)cs2)C1)c1cccc(C(F)(F)C(F)(F)F)c1,0
HGODEL0041-76-31,CNC(=O)C(CN1CCN(Cc2ccc(F)cc2)CC1)c1cccc(C(=O)N2CCN(C)CC2)c1,0
HGODEL0041-203-1417,CNC(=O)C(CN1CCN(Cc2ccc3ccccc3c2)CC1)c1ccnc(C(C)(C)C#N)c1,0
HGODEL0041-386-1283,CNC(=O)C(CNCC1CCC2(CCOCC2)CO1)c1cccc(SC(F)(F)F)c1,0
HGODEL0041-75-1575,CNC(=O)C(CNCCC1(COC)CC1)c1ccc(C(=O)NCCOC)cc1,0
HGODEL0041-360-68,CNC(=O)C(CNCCC1(O)CCN(C)CC1)c1cnc(OC)c(C(F)(F)F)c1,0
HGODEL0041-160-282,CNC(=O)C(CNCCC1CCOc2ccccc21)c1cc(F)ccc1OCC1CCCO1,0
HGODEL0041-87-409,CNC(=O)C(CNCCCc1ccc2c(c1)OCCO2)c1cc(C(F)(F)F)nn1C,0
HGODEL0041-111-475,CNC(=O)C(CNCCN1CCCC(O)C1)c1ccc(OC)c(F)c1F,0
HGODEL0041-29-1379,CNC(=O)C(CNCCOc1ccccc1C(C)C)c1ccc(C(=O)NC(C)(C)C)c(F)c1,0
HGODEL0041-233-695,CNC(=O)C(CNC[C@H]1C[C@@H](c2ccccc2)C1)c1cncc(F)c1,0
HGODEL0013-177-36-478,CNC(=O)C(CNCc1c(F)ccc(C(=O)N2CCN(C3CC3)c3ccc(F)cc32)c1F)Cc1ccc(F)cc1,0
HGODEL0013-153-52-348,CNC(=O)C(CNCc1cc(C(=O)N2CC3(C2)NC(=O)c2ccccc2N3)nn1CC(C)C)CC(C)(C)C,0
HGODEL0013-233-67-512,CNC(=O)C(CNCc1cc(C(=O)N2CCN(Cc3cnn(-c4ccccc4)c3)CC2)cc(C(F)(F)F)c1)C1CCOCC1,0
HGODEL0013-233-34-341,CNC(=O)C(CNCc1cc(Cl)c(OC(C)C(=O)Nc2ncc(CC3CCOCC3)s2)c(OC)c1)C1CCOCC1,0
HGODEL0013-108-14-313,CNC(=O)C(CNCc1cc(F)c(C(=O)NC(C#N)c2ccccc2C(F)(F)F)c(F)c1)c1cccc(C)c1,0
HGODEL0013-243-69-522,CNC(=O)C(CNCc1ccc(C(=O)N2CCOC3(CCS(=O)(=O)CC3)C2)c(F)c1)Cc1ccccc1,0
HGODEL0013-233-5-268,CNC(=O)C(CNCc1ccc(C(=O)NCc2ccncc2OCC2CCOC2)nc1)C1CCOCC1,0
HGODEL0013-173-38-238,CNC(=O)C(CNCc1ccc(CC(=O)Nc2cccn(Cc3ccc(F)cc3)c2=O)cc1)c1ccc(F)cc1,0
HGODEL0013-177-7-390,CNC(=O)C(CNCc1ccc(OC(C)C(=O)NCc2c(C)cc(C)nc2OC)c(OC)c1)Cc1ccc(F)cc1,0
HGODEL0013-173-70-128,CNC(=O)C(CNCc1cccc(C(=O)N2CCCN(c3cncc(F)c3)CC2)n1)c1ccc(F)cc1,0
HGODEL0013-327-70-469,CNC(=O)C(CNCc1cccc(C(=O)N2CCN(Cc3cncc(C#N)c3)CC2)n1)CC(C)C,0
HGODEL0013-327-74-215,CNC(=O)C(CNCc1cccc(C(=O)NCCc2cn(C)nc2C)c1)CC(C)C,0
HGODEL0013-173-51-517,CNC(=O)C(CNCc1cnc(C(=O)N2CC3(CCC3)c3c(F)cccc32)cc1C)c1ccc(F)cc1,0
HGODEL0013-177-58-291,CNC(=O)C(CNCc1ncc(C(=O)NCCCc2noc(C(F)(F)F)n2)cc1Cl)Cc1ccc(F)cc1,0
HGODEL0032-37-113-423,CNC(=O)C(Cc1ccc[nH]1)NC(=O)c1cc(C#Cc2ccc3c(c2)OCCO3)ccc1C(F)(F)F,0
HGODEL0033-196-410-337,CNC(=O)C(Cc1ccc[nH]1)NC(=O)c1nc(-c2ccc(Nc3ccc(C(F)(F)F)cc3F)cc2)oc1C,0
HGODEL0032-149-244-599,CNC(=O)C(Cc1ccccc1)NC(=O)c1cn2nc(C#Cc3cncc(-c4cccnc4)c3)ccc2n1,0
HGODEL0033-127-351-115,CNC(=O)C(NC(=O)C(C)Oc1cccc(Nc2ccncc2OC(C)C)c1)c1ccsc1,0
HGODEL0033-233-232-454,CNC(=O)C(NC(=O)CCc1ccc(Nc2ccnn2C2CCCCC2)cc1C(F)(F)F)c1ccn(C)n1,0
HGODEL0027-489-40-1,CNC(=O)C(Nc1nc(NCCc2ncccc2F)nc(NCCC(C)(C)F)n1)c1ccc(OC)cc1,0
HGODEL0013-242-66-276,CNC(=O)C1(C)CC(NCc2ccc(C(=O)NC(C)C34CC5CC(CC(C5)C3)C4)c(Cl)c2)C1,0
HGODEL0027-39-586-327,CNC(=O)C1(C2CCCN(c3nc(NCCC4CCC4)nc(N4CC(=O)N(CC5CC5)C4)n3)C2)CCC1,0
HGODEL0033-167-185-359,CNC(=O)C1(CF)CCN(C(=O)c2sc(-c3ccc(Nc4ccc(C(F)(F)F)cc4C)cc3)nc2C)C1,0
HGODEL0013-136-40-55,CNC(=O)C1(CNCc2c(F)cc(C(=O)N(C)C[C@@H]3C[C@H](F)CN3Cc3cnn(C)c3)cc2F)CC12CCC2,0
HGODEL0013-105-56-432,CNC(=O)C1(CNCc2cc(C(=O)NC(C)C(OC)c3ccc(F)cc3)nn2C)CCCC1,0
HGODEL0013-226-34-2,CNC(=O)C1(CNCc2cc(Cl)c(OC(C)C(=O)N3CCOC(CCCN(C)C)C3)c(OC)c2)CC(C)(C)C1,0
HGODEL0013-136-60-512,CNC(=O)C1(CNCc2ccc(C(=O)N3CCN(Cc4cnn(-c5ccccc5)c4)CC3)nc2)CC12CCC2,0
HGODEL0013-136-66-402,CNC(=O)C1(CNCc2ccc(C(=O)NC(c3ccc(OC)c(OC)c3)C(F)(F)F)c(Cl)c2)CC12CCC2,0
HGODEL0013-207-64-9,CNC(=O)C1(CNCc2ccc(C(=O)Nc3cncc(C(C)C)c3)cc2C(F)(F)F)COC1,0
HGODEL0013-115-68-526,CNC(=O)C1(CNCc2cccc(-c3ccc(C(=O)Nc4nc(CC5CCCO5)cs4)cc3)n2)CC12CCOCC2,0
HGODEL0013-207-45-200,CNC(=O)C1(CNCc2cccc(OCc3cccc(C(=O)NCc4ccnc(OCCN(C)C)c4)c3)c2)COC1,0
HGODEL0013-181-12-226,CNC(=O)C1(CNCc2cccn2C(Cc2ccccc2)C(=O)NCCCn2cnc3c2CCCC3)CC(F)(F)C1,0
HGODEL0013-181-47-475,CNC(=O)C1(CNCc2cccn3c(C(=O)NC4CCC(N5CCCC5=O)CC4)cnc23)CC(F)(F)C1,0
HGODEL0013-181-13-94,CNC(=O)C1(CNCc2cn(C)nc2C(=O)N2CCN(Cc3ccccc3)CC(C)C2)CC(F)(F)C1,0
HGODEL0013-89-62-473,CNC(=O)C1(CNCc2cnc(C(=O)N3CCN(Cc4c(C)nc5ccccn45)CC3)cn2)CC2(CCC2)C1,0
HGODEL0027-269-219-147,CNC(=O)C1(CNc2nc(NCC(F)c3ccccc3)nc(N3CCc4ccccc43)n2)CC(O)C1,0
HGODEL0027-426-6-94,CNC(=O)C1(CNc2nc(NCC(N)=O)nc(N(C)Cc3cnc[nH]3)n2)COC1,0
HGODEL0030-383-31-26,CNC(=O)C1(Cc2ccccc2)CN(C(=O)C(C)Oc2c(CN3CCC(Cc4nccs4)C3)cc(Cl)cc2OC)C1,0
HGODEL0034-142-205-803,CNC(=O)C1(NC(=O)Cc2cccc(-c3noc(CC4NC(=O)NC4=O)n3)c2)CC(C)(C)C1,0
HGODEL0027-381-488-283,CNC(=O)C1(Nc2nc(Nc3ccncc3O)nc(NC3CC4(COC(C)C4)C3)n2)CC2(CC(F)(F)C2)C1,0
HGODEL0033-230-360-574,CNC(=O)C12CC(C)(CN1C(=O)CCc1ccc(-c3ccc(Nc4ccc(C)nc4C)cc3)[nH]1)C2,0
HGODEL0013-129-40-240,CNC(=O)C12CC(CNCc3c(F)cc(C(=O)NCCCC(F)(F)F)cc3F)(C1)OC2(C)C,0
HGODEL0013-241-63-264,CNC(=O)C12CC(NCc3c[nH]nc3C(=O)NC(c3ncc(C)s3)C3CC3)(C1)C2,0
HGODEL0034-140-209-674,CNC(=O)C12CCC(CC1)N2C(=O)CN(C)c1ccc(-c2noc(-c3cccc4ncsc34)n2)cc1F,0
HGODEL0013-190-7-247,CNC(=O)C12CCC(CNCc3ccc(OC(C)C(=O)NCc4ccc5c(c4)ncn5C)c(OC)c3)(CC1)OC2,0
HGODEL0013-190-45-494,CNC(=O)C12CCC(CNCc3cccc(OCc4cccc(C(=O)N5CCC(c6cccc(C)c6C)CC5)c4)c3)(CC1)OC2,0
HGODEL0013-190-53-459,CNC(=O)C12CCC(CNCc3ccoc3C(=O)N3CCN(c4cnc5ccccn45)CC3)(CC1)OC2,0
HGODEL0013-137-26-195,CNC(=O)C12CCC(CNCc3n[nH]c4ccc(C(=O)NCCc5ccc(N6CCOCC6)c(F)c5)cc34)(CC1)OC2(C)C,0
HGODEL0013-184-20-533,CNC(=O)C12CCC(NCc3cc(C(=O)NCC4CCN4C)nn3C)(CC1)C2,0
HGODEL0013-276-31-53,CNC(=O)C12CCC(NCc3cc4[nH]c(C(=O)N(C)CC5CN(C)CCO5)cc4o3)(CC1)C2,0
HGODEL0013-276-4-6,CNC(=O)C12CCC(NCc3ccc(C(=O)NCc4ccc(COCC(F)(F)F)cc4)o3)(CC1)C2,0
HGODEL0013-184-71-188,CNC(=O)C12CCC(NCc3cn4cc(C(=O)NCC(C)CN5CCN(C)CC5)ccc4n3)(CC1)C2,0
HGODEL0013-321-66-219,CNC(=O)C12CCCC(NCc3ccc(C(=O)NCC4(OC(C)C)CCCCC4)c(Cl)c3)(C1)C2,0
HGODEL0013-249-39-271,CNC(=O)C1CC(CNCc2ccc(C(=O)NCCCc3cc(OC)ccc3OC)c(OC)c2)C1,0
HGODEL0013-109-9-456,CNC(=O)C1CC(F)(CNCc2c(C(=O)N3CCC(c4ocnc4C(=O)OC)CC3)ncn2C)C1,0
HGODEL0013-109-56-36,CNC(=O)C1CC(F)(CNCc2cc(C(=O)Nc3snnc3-c3ccccc3)nn2C)C1,0
HGODEL0013-109-54-488,CNC(=O)C1CC(F)(CNCc2ccc(C(=O)N3CCN(C4CCNCC4)CC3)cn2)C1,0
HGODEL0013-109-42-481,CNC(=O)C1CC(F)(CNCc2ccccc2-c2cccc(C(=O)N3CCN(c4cncc5nc(C)nn45)CC3)c2)C1,0
HGODEL0013-176-46-204,CNC(=O)C1CC(NCc2ccc(C(=O)NC3CCc4cnn(C(C)C)c4C3)cc2)C1,0
HGODEL0031-11-196-796,CNC(=O)C1CC(Oc2c(CNc3cccc(Cl)c3C)cccc2-c2cnn(Cc3ccccc3)c2)C1,0
HGODEL0031-9-315-497,CNC(=O)C1CC(Oc2ccc(CNCC(O)c3cccnc3)c(C=C3CCCCC3)c2)C1,0
HGODEL0013-251-14-84,CNC(=O)C1CC12CCC(NCc1cc(F)c(C(=O)N3CCC(CN4CCC(C)CC4)CC3)c(F)c1)CC2,0
HGODEL0013-251-17-456,CNC(=O)C1CC12CCC(NCc1ccc(-c3cccc(CC(=O)N4CCC(c5ocnc5C(=O)OC)CC4)c3)cc1)CC2,0
HGODEL0013-251-21-498,CNC(=O)C1CC12CCC(NCc1ccccc1OCCC(=O)N1CCc3[nH]nc(C4CCN(C)CC4)c3C1)CC2,0
HGODEL0013-251-57-247,CNC(=O)C1CC12CCC(NCc1cnc(C(=O)NCc3ccc4c(c3)ncn4C)s1)CC2,0
HGODEL0013-165-73-349,CNC(=O)C1CC2(CC(NCc3c(F)cc(C(=O)NCCCSc4ccccc4)cc3F)C2)C1,0
HGODEL0013-113-22-239,CNC(=O)C1CC2(CC(NCc3ccn([C@H]4C[C@H](C(=O)NCC(F)(F)c5ccc(F)cc5)C4)n3)CCO2)C1,0
HGODEL0013-82-63-255,CNC(=O)C1CC2(CCC(NCc3c[nH]nc3C(=O)NC3CC(C(C)(C)C)C3)CC2)C1,0
HGODEL0013-82-23-147,CNC(=O)C1CC2(CCC(NCc3ccc(-c4ccccc4C(=O)Nc4ccnn4C4CCN(C)CC4)cc3)CC2)C1,0
HGODEL0027-420-452-388,CNC(=O)C1CC2(CCC2)CCN1c1nc(Nc2ccccc2C(N)=O)nc(N(C)C2CCC2)n1,0
HGODEL0033-10-384-863,CNC(=O)C1CC2(CCN1C(=O)c1cnn(-c3ccc(Nc4ccnc5ccc(OC)cc45)cc3)c1)CC2,0
HGODEL0032-241-517-541,CNC(=O)C1CC2CCC1N(C(=O)c1cc(C#Cc3ccc(-c4ccco4)s3)ccc1-n1cnnn1)C2,0
HGODEL0032-241-397-133,CNC(=O)C1CC2CCC1N(C(=O)c1cc(C#Cc3cnc4n3CCCCC4)c3c(c1)OCCO3)C2,0
HGODEL0013-329-64-142,CNC(=O)C1CCC(CNCc2ccc(C(=O)N3CCC(n4ccc(C(F)(F)F)n4)CC3)cc2C(F)(F)F)CC1,0
HGODEL0013-329-19-328,CNC(=O)C1CCC(CNCc2cccc(OC(C)C(=O)N3CCCC3c3ncon3)c2)CC1,0
HGODEL0013-329-71-187,CNC(=O)C1CCC(CNCc2cn3cc(C(=O)NCc4ccc(OC(F)F)cn4)ccc3n2)CC1,0
HGODEL0013-351-38-192,CNC(=O)C1CCC(NCc2ccc(CC(=O)NCCCN3CCN(c4ccncc4)CC3)cc2)c2ccccc21,0
HGODEL0013-351-70-210,CNC(=O)C1CCC(NCc2cccc(C(=O)NCC3(N4CCN(C(C)C)CC4)CCCC3)n2)c2ccccc21,0
HGODEL0013-309-45-471,CNC(=O)C1CCC(NCc2cccc(OCc3cccc(C(=O)N4CC5(CCC5)C4C4CCOCC4)c3)c2)CC1,0
HGODEL0013-257-12-52,CNC(=O)C1CCC2(CC1)CC(NCc1cccn1C(Cc1ccccc1)C(=O)N1C[C@H]3CCCC[C@H]31)C2,0
HGODEL0013-237-14-408,CNC(=O)C1CCN(CCNCc2cc(F)c(C(=O)NCC(C)Cn3ccnc3C)c(F)c2)CC1,0
HGODEL0013-237-41-426,CNC(=O)C1CCN(CCNCc2cc(F)c(C(=O)NCCN3CCN(c4ncccn4)CC3)cc2F)CC1,0
HGODEL0013-237-68-261,CNC(=O)C1CCN(CCNCc2cccc(-c3ccc(C(=O)NC(C)CN4CCN(C)CC4)cc3)n2)CC1,0
HGODEL0031-1-40-1870,CNC(=O)C1CCN(c2ncc(-c3ccc(F)cc3OC)cc2CNC2CCC(C(F)F)CC2)CC1,0
HGODEL0012-864-13-862,CNC(=O)C1CN(C(=O)CCc2ocnc2C(=O)NCCCN2CCCOCC2)CCC1(C)C,0
HGODEL0033-112-277-37,CNC(=O)C1CN(C(=O)c2ccc3nc(Nc4c(OC)cccc4OC)nn3c2)CCN1C,0
HGODEL0030-379-89-91,CNC(=O)C1CN(C(=O)c2cccc(-c3ccc(CNCC(C4CCCCC4)N(C)C)s3)c2)CC12CCC2,0
HGODEL0013-265-28-323,CNC(=O)CC(C)(C)CNCc1n[nH]c2cc(C(=O)Nc3c(C(F)(F)F)nn(C)c3C)ccc12,0
HGODEL0013-264-30-70,CNC(=O)CC(C)NCc1cc(C(=O)N2CCC(N3CCOC3=O)CC2)ccc1OC(F)F,0
HGODEL0013-264-3-30,CNC(=O)CC(C)NCc1cn[nH]c1C(=O)Nc1cc(OC)c(OC)cc1OC,0
HGODEL0013-268-40-149,CNC(=O)CC(CC(C)C)NCc1c(F)cc(C(=O)N2CCN(C)c3cc(F)ccc32)cc1F,0
HGODEL0013-268-17-112,CNC(=O)CC(CC(C)C)NCc1ccc(-c2cccc(CC(=O)N3CCC(Cc4nc(C(C)(C)C)no4)CC3)c2)cc1,0
HGODEL0013-268-74-81,CNC(=O)CC(CC(C)C)NCc1cccc(C(=O)N2CCN(CCOc3ccccc3C)CC2)c1,0
HGODEL0013-268-3-21,CNC(=O)CC(CC(C)C)NCc1cn[nH]c1C(=O)N1CCC[C@@H]1Cc1cccs1,0
HGODEL0007-73-4-132,CNC(=O)CC(CC(C)C)Nc1nc(-c2ccc(OC(C)(C)C)cc2)nc2c1ncn2C(C)C,0
HGODEL0013-288-52-465,CNC(=O)CC(CNCc1cc(C(=O)N2CCC(c3nc(-c4ccccc4OC)cs3)CC2)nn1CC(C)C)CC(C)C,0
HGODEL0013-145-30-147,CNC(=O)CC(CNCc1cc(C(=O)Nc2ccnn2C2CCN(C)CC2)ccc1OC(F)F)C1CCC1,0
HGODEL0013-288-7-249,CNC(=O)CC(CNCc1ccc(OC(C)C(=O)NCc2ccc(F)cn2)c(OC)c1)CC(C)C,0
HGODEL0013-298-70-469,CNC(=O)CC(CNCc1cccc(C(=O)N2CCN(Cc3cncc(C#N)c3)CC2)n1)Cc1ccccc1,0
HGODEL0013-325-47-398,CNC(=O)CC(CNCc1cccn2c(C(=O)NC(c3ncon3)C3CC3)cnc12)C1CCCCC1,0
HGODEL0013-291-62-139,CNC(=O)CC(CNCc1cnc(C(=O)N2CCCN(Cc3nccn3C)CC2)cn1)C(F)(F)F,0
HGODEL0013-337-40-135,CNC(=O)CC(NCc1c(F)cc(C(=O)N2CCCN(c3nc(C)ns3)CC2)cc1F)c1ccc(C)cc1,0
HGODEL0013-323-40-394,CNC(=O)CC(NCc1c(F)cc(C(=O)NC2Cc3cncn3C2)cc1F)c1cccc2ccccc12,0
HGODEL0013-279-40-386,CNC(=O)CC(NCc1c(F)cc(C(=O)NCc2nnc(C3CCC3)n2C)cc1F)c1ccc(C)o1,0
HGODEL0013-350-73-346,CNC(=O)CC(NCc1c(F)cc(C(=O)Nc2cccc(-c3cccc(C)c3)c2)cc1F)c1cccc(C(F)(F)F)c1,0
HGODEL0013-163-20-452,CNC(=O)CC(NCc1cc(C(=O)N2CCc3c(CN4CCCC4)cccc32)nn1C)c1ccccc1,0
HGODEL0013-328-29-470,CNC(=O)CC(NCc1cc(C(=O)N2Cc3nnc(C)n3CC2C(=O)N(C)C)ccc1F)c1ccc(OC)cc1,0
HGODEL0013-164-50-394,CNC(=O)CC(NCc1cc(C(=O)NC2Cc3cncn3C2)n[nH]1)C1CCCCCC1,0
HGODEL0013-339-29-462,CNC(=O)CC(NCc1cc(C(=O)NCCc2ccc(-n3cccn3)cc2)ccc1F)c1ccncc1,0
HGODEL0013-282-1-492,CNC(=O)CC(NCc1ccc(-c2cccc(C(=O)N3CCC(C)(N4CCCC4)CC3)c2)s1)c1ccc(F)cc1F,0
HGODEL0013-174-43-250,CNC(=O)CC(NCc1ccc(-c2ccccc2CC(=O)NCCOCCC(C)C)cc1)C(F)F,0
HGODEL0013-310-43-385,CNC(=O)CC(NCc1ccc(-c2ccccc2CC(=O)NCc2ccc(C(F)(F)F)cn2)cc1)c1ccc2ccccc2c1,0
HGODEL0013-337-46-19,CNC(=O)CC(NCc1ccc(C(=O)N2CCCC(n3ccnc3)C2)cc1)c1ccc(C)cc1,0
HGODEL0013-323-4-170,CNC(=O)CC(NCc1ccc(C(=O)N2CCN(C(=O)OCc3ccccc3)CC2)o1)c1cccc2ccccc12,0
HGODEL0013-253-69-474,CNC(=O)CC(NCc1ccc(C(=O)N2CCN(C(C)(C)CC(C)(C)C)CC2)c(F)c1)c1ccc(F)cc1,0
HGODEL0013-164-24-437,CNC(=O)CC(NCc1ccc(C(=O)NC2CCN(c3nccn3C)CC2)cc1)C1CCCCCC1,0
HGODEL0013-290-4-290,CNC(=O)CC(NCc1ccc(C(=O)NCc2cccc(NC(=O)N(C)C)c2)o1)c1ccc(OC(F)(F)F)cc1,0
HGODEL0013-182-7-428,CNC(=O)CC(NCc1ccc(OC(C)C(=O)NCCc2nc3ccccc3n2C)c(OC)c1)c1ccc(OC)nc1,0
HGODEL0013-223-7-41,CNC(=O)CC(NCc1ccc(OC(C)C(=O)Nc2nnc(-c3ccc(Cl)cc3)s2)c(OC)c1)c1ccc(Cl)cc1,0
HGODEL0013-323-32-296,CNC(=O)CC(NCc1ccc2oc(C(=O)NC(C)Cc3ccc(C#N)cc3)cc2c1)c1cccc2ccccc12,0
HGODEL0013-271-32-24,CNC(=O)CC(NCc1ccc2oc(C(=O)NCC3COc4ccccc4O3)cc2c1)C(C)(C)C,0
HGODEL0013-282-32-232,CNC(=O)CC(NCc1ccc2oc(C(=O)NCCCc3ccncc3C)cc2c1)c1ccc(F)cc1F,0
HGODEL0013-271-12-27,CNC(=O)CC(NCc1cccn1C(Cc1ccccc1)C(=O)NCC1CCCC(F)(F)C(=O)N1)C(C)(C)C,0
HGODEL0013-163-61-231,CNC(=O)CC(NCc1ccnc2c(C(=O)NCC(C)Oc3ccc(OC)cc3)cccc12)c1ccccc1,0
HGODEL0013-163-71-526,CNC(=O)CC(NCc1cn2cc(C(=O)Nc3nc(CC4CCCO4)cs3)ccc2n1)c1ccccc1,0
HGODEL0013-164-3-502,CNC(=O)CC(NCc1cn[nH]c1C(=O)N1CC=C(c2cccc(C)c2C)CC1)C1CCCCCC1,0
HGODEL0013-199-3-157,CNC(=O)CC(NCc1cn[nH]c1C(=O)Nc1ncc(C#N)s1)c1cccc(F)c1,0
HGODEL0013-310-57-297,CNC(=O)CC(NCc1cnc(C(=O)NC(C)c2nc(C(F)(F)F)no2)s1)c1ccc2ccccc2c1,0
HGODEL0013-174-57-467,CNC(=O)CC(NCc1cnc(C(=O)NCCCN2C(=O)NC3(CCCCC3)C2=O)s1)C(F)F,0
HGODEL0013-290-26-419,CNC(=O)CC(NCc1n[nH]c2ccc(C(=O)NC3CCN(c4ccc(C(F)(F)F)cn4)CC3)cc12)c1ccc(OC(F)(F)F)cc1,0
HGODEL0013-199-26-412,CNC(=O)CC(NCc1n[nH]c2ccc(C(=O)NCCc3cc4ccc(C(=O)OC)cc4o3)cc12)c1cccc(F)c1,0
HGODEL0045-115-196,CNC(=O)CC(c1ccc(C)cc1)N1Cc2cc(-c3cc(C(=O)NCc4ccccc4)ccc3F)ccc2C1=O,0
HGODEL0024-144-4-121,CNC(=O)CC(c1ccc(F)cc1)n1c(-c2cccn2-c2nccs2)nc2ccc(C(=O)O)cc21,0
HGODEL0024-51-4-64,CNC(=O)CC(c1cccc(Cl)c1)n1c(-c2cccc(-n3cncn3)c2)nc2ccc(C(=O)O)cc21,0
HGODEL0013-201-52-201,CNC(=O)CC1(CNCc2cc(C(=O)NCC3CCN(CC(F)(F)F)C3)nn2CC(C)C)CC1,0
HGODEL0013-195-36-132,CNC(=O)CC1(NCc2c(F)ccc(C(=O)Nc3nc4c(s3)COCC4)c2F)CCC1,0
HGODEL0013-341-14-380,CNC(=O)CC1(NCc2cc(F)c(C(=O)NC(C)c3cnc(C(F)(F)F)s3)c(F)c2)CCOCC1,0
HGODEL0013-195-2-143,CNC(=O)CC1(NCc2cn(CC(=O)N3CCC(N(C)CC(F)(F)F)CC3)nn2)CCC1,0
HGODEL0013-348-71-94,CNC(=O)CC1(NCc2cn3cc(C(=O)N4CCN(Cc5ccccc5)CC(C)C4)ccc3n2)CCc2ccccc2C1,0
HGODEL0013-91-3-137,CNC(=O)CC1(NCc2cn[nH]c2C(=O)N2CCN(CC3CCCCN3C)CC2)CC1,0
HGODEL0027-349-51-98,CNC(=O)CC12CCC(CC1)N2c1nc(NCc2cncc(C)c2)nc(NCC2CC2(C)C)n1,0
HGODEL0013-160-40-399,CNC(=O)CCC(CC1CCCCC1)NCc1c(F)cc(C(=O)NCC23CCC(CC2)CC3)cc1F,0
HGODEL0013-160-69-535,CNC(=O)CCC(CC1CCCCC1)NCc1ccc(C(=O)NCc2cnccc2OC)c(F)c1,0
HGODEL0013-273-18-274,CNC(=O)CCC(NCc1ccc(-c2ccc(C(=O)NC(C)C3(OC)CCC3)cc2)o1)c1ccc(OC)cc1,0
HGODEL0013-218-22-449,CNC(=O)CCC(NCc1ccn([C@H]2C[C@H](C(=O)N3CCC(c4n[nH]c(=O)o4)CC3)C2)n1)c1ccccc1,0
HGODEL0032-180-357-61,CNC(=O)CCC1(NC(=O)c2cc(C#Cc3cccc(C(C)(F)F)c3)n[nH]c2=O)CCOC1,0
HGODEL0013-106-16-429,CNC(=O)CCC1(NCc2cccc(OCCCC(=O)NCC(Oc3ccccc3)c3ccccc3)c2)CC1,0
HGODEL0013-336-72-345,CNC(=O)CCC1CC(NCc2cccc(C(=O)Nc3nnn(Cc4ccccc4F)c3C)c2F)C1,0
HGODEL0010-25-1249-2080,CNC(=O)CCCCCN(C(=O)c1csc(Br)c1)C1CCCN(C)C1=O,0
HGODEL0024-15-5-113,CNC(=O)CCCCCn1c(-c2ccc(F)c3ccoc23)nc2ccccc21,0
HGODEL0013-287-9-523,CNC(=O)CCNCc1c(C(=O)Nc2ccccc2-c2cccc(F)c2)ncn1C,0
HGODEL0013-287-6-125,CNC(=O)CCNCc1cc(C(=O)N2CCCC3(CCCCCC3)C2)c(OC)cc1OC,0
HGODEL0038-64-12-1020,CNC(=O)CCOc1cccc(Nc2ccc(C3CCN(C(=O)C4COC(=O)N4C)CC3)cc2)c1,0
HGODEL0013-159-73-391,CNC(=O)CC[C@H](NCc1c(F)cc(C(=O)NC(CF)c2ccc(F)cc2F)cc1F)C(N)=O,0
HGODEL0027-503-66-96,CNC(=O)CC[C@H]1C[C@@H](Nc2nc(NC3CCC3(C)C)nc(N3CC[C@@H](C)C[C@@H](C)C3)n2)C1,0
HGODEL0013-130-55-533,CNC(=O)CCc1cccc(CNCc2cc(C(=O)NCC3CCN3C)cs2)c1,0
HGODEL0013-130-7-164,CNC(=O)CCc1cccc(CNCc2ccc(OC(C)C(=O)N3CCc4c(ncn4C4CC4)C3)c(OC)c2)c1,0
HGODEL0013-306-68-348,CNC(=O)CCc1cccc(NCc2cccc(-c3ccc(C(=O)N4CC5(C4)NC(=O)c4ccccc4N5)cc3)n2)c1,0
HGODEL0013-306-74-80,CNC(=O)CCc1cccc(NCc2cccc(C(=O)N3CCOC(c4nnc(C(C)C)[nH]4)C3)c2)c1,0
HGODEL0013-306-72-523,CNC(=O)CCc1cccc(NCc2cccc(C(=O)Nc3ccccc3-c3cccc(F)c3)c2F)c1,0
HGODEL0007-270-3-178,CNC(=O)CN(CCCc1cccc(OC)c1)c1nc(-c2cccc(C(C)(C)C)c2)nc2c1ncn2Cc1ccccc1,0
HGODEL0007-180-1-341,CNC(=O)CN(CCc1cccc(OC)c1OC)c1nc(-c2cccc3ccccc23)nc2nc[nH]c12,0
HGODEL0007-204-2-347,CNC(=O)CN(CCc1ccccc1C)c1nc(-c2ccc(OCC(C)C)cc2)nc2ncn(C)c12,0
HGODEL0007-146-2-364,CNC(=O)CN(Cc1c(F)cccc1OC)c1nc(-c2ccc(C(=O)Nc3cccc(C)c3C)cc2)nc2ncn(C)c12,0
HGODEL0007-191-5-325,CNC(=O)CN(Cc1ccc(C)o1)c1nc(-c2ccc3cc(OC)ccc3c2)nc2c1ncn2C,0
HGODEL0007-181-5-253,CNC(=O)CN(Cc1cccc(C)c1C)c1nc(-c2ccc(C(=O)N3CCCCC3)cc2)nc2c1ncn2C,0
HGODEL0007-363-1-237,CNC(=O)CN(Cc1cccc(OC)c1)c1nc(-c2cccnc2OC(C)C)nc2nc[nH]c12,0
HGODEL0007-367-5-44,CNC(=O)CN(c1nc(-c2ccc(OC)nc2)nc2c1ncn2C)[C@@H]1C[C@H]1c1ccccc1,0
HGODEL0013-244-18-415,CNC(=O)CN1CCC(CNCc2ccc(-c3ccc(C(=O)NC4CCCN(c5ccccc5OC)C4)cc3)o2)CC1,0
HGODEL0013-296-72-158,CNC(=O)CN1CCC(NCc2cccc(C(=O)Nc3nnc(CC(C)C)o3)c2F)CC1,0
HGODEL0013-212-14-485,CNC(=O)CN1CCCCC(NCc2cc(F)c(C(=O)N3CC=C(c4ccccc4S(C)(=O)=O)CC3)c(F)c2)C1=O,0
HGODEL0013-212-17-416,CNC(=O)CN1CCCCC(NCc2ccc(-c3cccc(CC(=O)NCc4ccc(OCCOc5ccccc5)nc4)c3)cc2)C1=O,0
HGODEL0013-212-39-358,CNC(=O)CN1CCCCC(NCc2ccc(C(=O)N(C)CCc3ncon3)c(OC)c2)C1=O,0
HGODEL0035-90-111-291,CNC(=O)COCc1ccccc1CN1CCC(N(C)CC(=O)N2CCOCOCC2)CC1,0
HGODEL0007-69-5-361,CNC(=O)C[C@@H](C)Nc1nc(-c2ccc(C(=O)NCCN(C)C)cc2)nc2c1ncn2C,0
HGODEL0013-204-4-120,CNC(=O)C[C@@H](CC(C)C)NCc1ccc(C(=O)Nc2cnc3ccccc3n2)o1,0
HGODEL0013-204-45-517,CNC(=O)C[C@@H](CC(C)C)NCc1cccc(OCc2cccc(C(=O)N3CC4(CCC4)c4c(F)cccc43)c2)c1,0
HGODEL0013-81-41-478,CNC(=O)C[C@@H](CC1CCCCC1)NCc1cc(F)c(C(=O)N2CCN(C3CC3)c3ccc(F)cc32)cc1F,0
HGODEL0013-81-41-334,CNC(=O)C[C@@H](CC1CCCCC1)NCc1cc(F)c(C(=O)NC2CCN(c3ccccc3C#N)CC2)cc1F,0
HGODEL0030-509-59-422,CNC(=O)C[C@@H](CCc1ccccc1)NC(=O)c1cc2cc(CNC(C)c3nccnc3C)ccc2o1,0
HGODEL0013-171-68-222,CNC(=O)C[C@@H](CCc1ccccc1)NCc1cccc(-c2ccc(C(=O)NC3CCN(c4ccccc4OC)C3)cc2)n1,0
HGODEL0013-270-31-3,CNC(=O)C[C@@H](CNCc1cc2[nH]c(C(=O)NC3CCN(C(C)(C)C)C3)cc2o1)CC(C)C,0
HGODEL0013-138-15-76,CNC(=O)C[C@@H](COCc1ccccc1)NCc1ccoc1C(=O)N1CCC(c2cncn2C)CC1,0
HGODEL0013-100-13-72,CNC(=O)C[C@@H](Cc1cc(F)c(F)cc1F)NCc1cn(C)nc1C(=O)N1CCN(c2nc(C)no2)CC1,0
HGODEL0013-102-38-265,CNC(=O)C[C@@H](Cc1ccc(Cl)cc1)NCc1ccc(CC(=O)NCC2(SC)CCN(C)CC2)cc1,0
HGODEL0013-194-10-429,CNC(=O)C[C@@H](Cc1ccccc1)NCc1cn(C2CCOCC2)nc1C(=O)NCC(Oc1ccccc1)c1ccccc1,0
HGODEL0013-83-11-414,CNC(=O)C[C@@H](Cc1ccccc1Cl)NCC1(C(=O)NCCC2CCN(C3CCN(C)CC3)CC2)CC1,0
HGODEL0013-222-26-270,CNC(=O)C[C@@H](Cc1ccccc1F)NCc1n[nH]c2ccc(C(=O)NCCN(C(C)C)C3CC3)cc12,0
HGODEL0013-104-41-124,CNC(=O)C[C@@H](NCc1cc(F)c(C(=O)N2CCCN(c3ccc(C)cc3)CC2)cc1F)C(C)(C)C,0
HGODEL0013-342-23-92,CNC(=O)C[C@@H](NCc1ccc(-c2ccccc2C(=O)N2CCC[C@H]3CN(C)C[C@H]32)cc1)C(C)C,0
HGODEL0013-104-66-418,CNC(=O)C[C@@H](NCc1ccc(C(=O)NC(C)c2ccc(Oc3cccnc3)cc2)c(Cl)c1)C(C)(C)C,0
HGODEL0013-342-69-431,CNC(=O)C[C@@H](NCc1ccc(C(=O)NCC2=CS(=O)(=O)c3ccccc32)c(F)c1)C(C)C,0
HGODEL0013-312-39-278,CNC(=O)C[C@@H](NCc1ccc(C(=O)NCc2ccc3c(c2)CC(C)O3)c(OC)c1)c1ccccc1,0
HGODEL0013-342-72-22,CNC(=O)C[C@@H](NCc1cccc(C(=O)N(C)C(c2ccc(F)cc2)c2ncc[nH]2)c1F)C(C)C,0
HGODEL0013-312-22-44,CNC(=O)C[C@@H](NCc1ccn([C@H]2C[C@H](C(=O)Nc3nnc(C)n3C3CC3)C2)n1)c1ccccc1,0
HGODEL0032-100-502-80,CNC(=O)C[C@@H]1CCCN(C(=O)c2nc(-c3ccc(C#Cc4cc(C)ccc4OC)cc3)oc2C)C1,0
HGODEL0027-323-713-226,CNC(=O)C[C@@H]1CCC[C@H]1Nc1nc(NCCn2nccc2C)nc(N2CCn3c(cnc3C)C2)n1,0
HGODEL0027-57-28-368,CNC(=O)C[C@@H]1CN(c2nc(NCCNC(C)=O)nc(N(C)CCF)n2)[C@@H]2COC[C@H]2O1,0
HGODEL0032-95-519-583,CNC(=O)C[C@@H]1C[C@@H](F)CN1C(=O)CCOc1ccccc1C#Cc1cn(-c2ccccc2C)nn1,0
HGODEL0024-32-7-209,CNC(=O)C[C@H](C)n1c(-c2cccnc2N(C)C)nc2cccnc21,0
HGODEL0024-65-8-221,CNC(=O)C[C@H](CC(C)C)Cn1c(-c2ccc(C(=O)NC(C)C)cc2)nc2cc(C(=O)O)ccc21,0
HGODEL0024-65-9-300,CNC(=O)C[C@H](CC(C)C)Cn1c(-c2ccc(OC)c(CN3CCOCC3)c2)nc2cc(S(N)(=O)=O)ccc21,0
HGODEL0013-157-69-471,CNC(=O)C[C@H](CCc1ccccc1)NCc1ccc(C(=O)N2CC3(CCC3)C2C2CCOCC2)c(F)c1,0
HGODEL0013-157-2-507,CNC(=O)C[C@H](CCc1ccccc1)NCc1cn(CC(=O)N2CCCC(c3cncn3C(C)(C)C)C2)nn1,0
HGODEL0013-157-28-412,CNC(=O)C[C@H](CCc1ccccc1)NCc1n[nH]c2cc(C(=O)NCCc3cc4ccc(C(=O)OC)cc4o3)ccc12,0
HGODEL0013-209-49-229,CNC(=O)C[C@H](COCc1ccccc1)NCc1ccc(C(=O)NCc2c(C)nn(C)c2N2CCCOC(C)C2)cc1F,0
HGODEL0013-236-55-451,CNC(=O)C[C@H](Cc1c[nH]c2ccccc12)NCc1cc(C(=O)N2CCC(n3c(=O)[nH][nH]c3=O)CC2)cs1,0
HGODEL0013-236-65-237,CNC(=O)C[C@H](Cc1c[nH]c2ccccc12)NCc1cc(C(=O)NCc2ncccc2C)no1,0
HGODEL0013-236-17-302,CNC(=O)C[C@H](Cc1c[nH]c2ccccc12)NCc1ccc(-c2cccc(CC(=O)NCC3CCC(C)(C)C3)c2)cc1,0
HGODEL0013-286-1-296,CNC(=O)C[C@H](Cc1ccc(F)cc1)NCc1ccc(-c2cccc(C(=O)NC(C)Cc3ccc(C#N)cc3)c2)s1,0
HGODEL0013-286-23-429,CNC(=O)C[C@H](Cc1ccc(F)cc1)NCc1ccc(-c2ccccc2C(=O)NCC(Oc2ccccc2)c2ccccc2)cc1,0
HGODEL0013-286-43-366,CNC(=O)C[C@H](Cc1ccc(F)cc1)NCc1ccc(-c2ccccc2CC(=O)N2CCN(Cc3ccc(C(C)C)cc3)CC2)cc1,0
HGODEL0030-405-29-428,CNC(=O)C[C@H](Cc1cccc(Cl)c1)NC(=O)c1cccc(-c2ccc(CNCCCN3CCC3)cc2)c1,0
HGODEL0013-92-5-185,CNC(=O)C[C@H](Cc1cccc(Cl)c1)NCc1ccc(C(=O)N2CCN(CC(=O)N3CCCCC3C)CC2)nc1,0
HGODEL0033-272-36-146,CNC(=O)C[C@H](NC(=O)c1c(Nc2cc(C)cc(F)c2)ccc(F)c1OC)c1ccsc1,0
HGODEL0032-271-518-305,CNC(=O)C[C@H](NC(=O)c1sccc1C#Cc1cc(C)c(C)o1)c1ccsc1,0
HGODEL0013-202-73-104,CNC(=O)C[C@H](NCc1c(F)cc(C(=O)N2CCN(c3cccc4cnccc34)C(C)C2)cc1F)C1CC1,0
HGODEL0013-272-20-15,CNC(=O)C[C@H](NCc1cc(C(=O)NCc2cccc(-n3nc(C)cc3C)c2)nn1C)c1ccc(C(F)(F)F)cc1,0
HGODEL0013-155-6-253,CNC(=O)C[C@H](NCc1cc(C(=O)N[C@H]2C[C@H]3C[C@@H]([C@@H]2C)C3(C)C)c(OC)cc1OC)c1ccccc1,0
HGODEL0013-202-14-313,CNC(=O)C[C@H](NCc1cc(F)c(C(=O)NC(C#N)c2ccccc2C(F)(F)F)c(F)c1)C1CC1,0
HGODEL0013-313-14-408,CNC(=O)C[C@H](NCc1cc(F)c(C(=O)NCC(C)Cn2ccnc2C)c(F)c1)c1cccnc1,0
HGODEL0013-202-1-359,CNC(=O)C[C@H](NCc1ccc(-c2cccc(C(=O)N3CCC(NC(=O)OCc4ccccc4)CC3)c2)s1)C1CC1,0
HGODEL0013-155-21-413,CNC(=O)C[C@H](NCc1ccccc1OCCC(=O)NCc1cccc(Oc2cncc(C)n2)c1)c1ccccc1,0
HGODEL0013-103-47-45,CNC(=O)C[C@H](NCc1cccn2c(C(=O)Nc3nnc(-c4cccc(F)c4)s3)cnc12)C(C)(C)C,0
HGODEL0013-274-22-380,CNC(=O)C[C@H](NCc1ccn([C@H]2C[C@H](C(=O)NC(C)c3cnc(C(F)(F)F)s3)C2)n1)c1ccsc1,0
HGODEL0013-274-22-281,CNC(=O)C[C@H](NCc1ccn([C@H]2C[C@H](C(=O)NCC(C)c3nc4ccncc4[nH]3)C2)n1)c1ccsc1,0
HGODEL0013-155-71-238,CNC(=O)C[C@H](NCc1cn2cc(C(=O)Nc3cccn(Cc4ccc(F)cc4)c3=O)ccc2n1)c1ccccc1,0
HGODEL0013-280-63-499,CNC(=O)C[C@H](O)[C@H](CC(C)C)NCc1c[nH]nc1C(=O)N1CCC(c2nc3cccc(F)c3[nH]2)CC1,0
HGODEL0013-280-18-12,CNC(=O)C[C@H](O)[C@H](CC(C)C)NCc1ccc(-c2ccc(C(=O)N3CCn4c(nc5c4CCCCC5)C3)cc2)o1,0
HGODEL0032-262-286-488,CNC(=O)C[C@H]1CC[C@@H](NC(=O)c2csc(-c3cccc(C#Cc4ccc5c(c4)CC5)c3)n2)C1,0
HGODEL0013-215-50-219,CNC(=O)C[C@H]1C[C@H](NCc2cc(C(=O)NCC3(OC(C)C)CCCCC3)n[nH]2)C1,0
HGODEL0013-215-60-363,CNC(=O)C[C@H]1C[C@H](NCc2ccc(C(=O)N3CCN(Cc4cccc(OC)c4)CC3)nc2)C1,0
HGODEL0035-4-74-900,CNC(=O)Cc1c[nH]c2ccc(CN3CCCC(CC(=O)N4CCC(C)(F)CC4)C3)cc12,0
HGODEL0013-318-26-11,CNC(=O)Cc1ccc(CNCc2n[nH]c3ccc(C(=O)N4CCCC(Cc5ccccc5)C4)cc23)cc1,0
HGODEL0010-15-1585-1411,CNC(=O)Cc1cccc(CN(C(=O)c2cc(OC)n[nH]2)C2CCCN(C3CC3)C2=O)c1,0
HGODEL0027-339-725-250,CNC(=O)Cc1cccc2c1CCN(c1nc(NCc3ccc(C)nc3)nc(N3CC4(C3)CN(C3CC3)C4)n1)C2,0
HGODEL0024-130-11-87,CNC(=O)Cc1ccccc1Cn1c(-c2coc(C)n2)nc2ccc(C(=O)O)nc21,0
HGODEL0013-302-66-490,CNC(=O)Cc1csc(CNCc2ccc(C(=O)N3CCN(c4ncnc5c4cnn5C)CC3)c(Cl)c2)n1,0
HGODEL0013-302-22-299,CNC(=O)Cc1csc(CNCc2ccn([C@H]3C[C@H](C(=O)NCCC4C(=O)Nc5ccccc54)C3)n2)n1,0
HGODEL0013-334-55-533,CNC(=O)[C@@H](C)CNCc1cc(C(=O)NCC2CCN2C)cs1,0
HGODEL0013-334-12-403,CNC(=O)[C@@H](C)CNCc1cccn1C(Cc1ccccc1)C(=O)NCCOc1ccc(F)c(F)c1,0
HGODEL0013-255-73-156,CNC(=O)[C@@H](Cc1c[nH]c2ccc(Cl)cc12)NCc1c(F)cc(C(=O)N2CCN(C(=O)c3ccccc3C(F)(F)F)CC2)cc1F,0
HGODEL0013-255-37-216,CNC(=O)[C@@H](Cc1c[nH]c2ccc(Cl)cc12)NCc1ccc(-c2ccc(C(=O)NC3CCCc4cnccc43)cc2)c(C)c1,0
HGODEL0013-255-32-349,CNC(=O)[C@@H](Cc1c[nH]c2ccc(Cl)cc12)NCc1ccc2oc(C(=O)NCCCSc3ccccc3)cc2c1,0
HGODEL0024-176-4-199,CNC(=O)[C@@H](Cc1ccc(C(F)(F)F)cc1)n1c(-c2cnn(C)c2C)nc2ccc(C(=O)O)cc21,0
HGODEL0024-162-4-220,CNC(=O)[C@@H](Cc1ccc(F)c(F)c1)n1c(-c2ccccc2-c2nc(C)no2)nc2ccc(C(=O)O)cc21,0
HGODEL0024-48-6-181,CNC(=O)[C@@H](Cc1ccc(OC(C)(C)C)cc1)n1c(-c2ccc(OC)c(CN3CCCC3)c2)nc2cc(C)ccc21,0
HGODEL0024-68-10-381,CNC(=O)[C@@H](Cc1cccc(OC)c1)n1c(-c2ccc3cccnc3n2)nc2c(=O)[nH]ccc21,0
HGODEL0024-68-8-28,CNC(=O)[C@@H](Cc1cccc(OC)c1)n1c(-c2ccc3cnn(C)c3c2)nc2cc(C(=O)O)ccc21,0
HGODEL0024-68-4-437,CNC(=O)[C@@H](Cc1cccc(OC)c1)n1c(-c2cnn3ccccc23)nc2ccc(C(=O)O)cc21,0
HGODEL0024-98-7-323,CNC(=O)[C@@H](Cc1cccc2ccccc12)n1c(-c2ccc(-c3ccsc3)cc2)nc2cccnc21,0
HGODEL0024-98-10-326,CNC(=O)[C@@H](Cc1cccc2ccccc12)n1c(-c2cccc(OCCCN3CCN(C)CC3)c2)nc2c(=O)[nH]ccc21,0
HGODEL0024-166-3-46,CNC(=O)[C@@H](Cc1ccccc1C)n1c(-c2cccnc2N2CCOCC2)nc2cc(S(C)(=O)=O)ccc21,0
HGODEL0045-108-395,CNC(=O)[C@@H](Cc1cccnc1)N1Cc2cc(-c3cnc(OC)cc3C)ccc2C1=O,0
HGODEL0005-41-398-125,CNC(=O)[C@@H](Cc1cscn1)Nc1nc(Nc2cccc(-c3ccco3)c2)cc(N2CCC(N3CCCC3=O)CC2)n1,0
HGODEL0007-83-1-227,CNC(=O)[C@@H](Nc1nc(-c2cc(C)ccc2OC)nc2nc[nH]c12)[C@@H](C)OC(C)(C)C,0
HGODEL0007-99-4-364,CNC(=O)[C@@H](Nc1nc(-c2ccc(C(=O)Nc3cccc(C)c3C)cc2)nc2c1ncn2C(C)C)c1ccccc1,0
HGODEL0009-15-169-2864,CNC(=O)[C@@H]1C=C(c2ccc(-c3ccc4cc[nH]c4c3)s2)CN1Cc1ncnn1C1CCCC1,0
HGODEL0012-901-38-218,CNC(=O)[C@@H]1CC(F)(F)CN1C(=O)Cc1ccc(C(=O)NCc2ccnc(OCCN(C)C)c2)cc1,0
HGODEL0013-217-17-303,CNC(=O)[C@@H]1CCCC[C@H]1NCc1ccc(-c2cccc(CC(=O)NCC(C)c3ccncc3)c2)cc1,0
HGODEL0024-153-2-388,CNC(=O)[C@@H]1CCCC[C@H]1n1c(-c2ccc(-c3ccncc3)cc2)nc2ccc(C)cc21,0
HGODEL0024-153-8-236,CNC(=O)[C@@H]1CCCC[C@H]1n1c(-c2cccc(C(=O)O)c2)nc2cc(C(=O)O)ccc21,0
HGODEL0013-200-23-272,CNC(=O)[C@@H]1CCC[C@@H](NCc2ccc(-c3ccccc3C(=O)NC(C)c3cccc(-n4ccnc4)c3)cc2)C1,0
HGODEL0013-200-13-448,CNC(=O)[C@@H]1CCC[C@@H](NCc2cn(C)nc2C(=O)N2CC[C@H](Oc3cccnc3N3CCCC3)C2)C1,0
HGODEL0013-175-50-492,CNC(=O)[C@@H]1CCC[C@H](NCc2cc(C(=O)N3CCC(C)(N4CCCC4)CC3)n[nH]2)C1,0
HGODEL0013-175-37-161,CNC(=O)[C@@H]1CCC[C@H](NCc2ccc(-c3ccc(C(=O)Nc4ccc(-n5ccnc5C)nc4)cc3)c(C)c2)C1,0
HGODEL0013-175-66-194,CNC(=O)[C@@H]1CCC[C@H](NCc2ccc(C(=O)NCCN3CC(C)(C)c4ccccc43)c(Cl)c2)C1,0
HGODEL0013-175-69-416,CNC(=O)[C@@H]1CCC[C@H](NCc2ccc(C(=O)NCc3ccc(OCCOc4ccccc4)nc3)c(F)c2)C1,0
HGODEL0013-175-38-156,CNC(=O)[C@@H]1CCC[C@H](NCc2ccc(CC(=O)N3CCN(C(=O)c4ccccc4C(F)(F)F)CC3)cc2)C1,0
HGODEL0013-175-68-417,CNC(=O)[C@@H]1CCC[C@H](NCc2cccc(-c3ccc(C(=O)NC4C(=O)OCCC4(C)C)cc3)n2)C1,0
HGODEL0013-122-10-492,CNC(=O)[C@@H]1CCC[C@H]1NCc1cn(C2CCOCC2)nc1C(=O)N1CCC(C)(N2CCCC2)CC1,0
HGODEL0034-78-160-1437,CNC(=O)[C@@H]1CCN(C(=O)c2scc(-c3noc(CCc4ccsc4)n3)c2C)C1,0
HGODEL0032-258-333-175,CNC(=O)[C@@H]1CC[C@@H]1NC(=O)c1c(C#Cc2cccc(C(=O)N(C)C)c2)nc2n1CCOC2,0
HGODEL0027-184-337-170,CNC(=O)[C@@H]1CN(c2nc(NCCCN3CCC3)nc(Nc3n[nH]c4ncccc34)n2)C[C@H]1CC(C)(C)C,0
HGODEL0013-193-2-416,CNC(=O)[C@@H]1CO[C@H](CNCc2cn(CC(=O)NCc3ccc(OCCOc4ccccc4)nc3)nn2)C1,0
HGODEL0013-210-43-463,CNC(=O)[C@@H]1CS(=O)(=O)C[C@H]1NCc1ccc(-c2ccccc2CC(=O)N2CCN(C(=O)c3ccc(C)cc3)CC2)cc1,0
HGODEL0009-22-15-1218,CNC(=O)[C@@H]1C[C@@H](n2cc(-c3cccc(C(N)=O)c3)cn2)CN1C(=O)c1ccnn1C1CCC1,0
HGODEL0009-23-199-3038,CNC(=O)[C@@H]1C[C@@H](n2cncc2-c2cc(C)cs2)CN1Cc1ccc(C2CC2)cc1,0
HGODEL0009-25-207-134,CNC(=O)[C@@H]1C[C@H](n2cncc2-c2cccnc2C#N)CN1C(=O)c1cnc2[nH]c(=O)[nH]c2c1,0
HGODEL0013-220-52-189,CNC(=O)[C@@H]1C[C@H]1c1ccc(CNCc2cc(C(=O)NCC3(CN(C)C)CCCC3)nn2CC(C)C)cc1,0
HGODEL0013-229-49-52,CNC(=O)[C@@H]1C[C@H]1c1cccc(CNCc2ccc(C(=O)N3C[C@H]4CCCC[C@H]43)cc2F)c1,0
HGODEL0013-229-72-358,CNC(=O)[C@@H]1C[C@H]1c1cccc(CNCc2cccc(C(=O)N(C)CCc3ncon3)c2F)c1,0
HGODEL0035-102-49-691,CNC(=O)[C@@H]1C[C@H]1c1ccncc1CN(CCC(=O)Nc1ccc(C)c(F)c1)c1ccccc1OC,0
HGODEL0013-107-20-114,CNC(=O)[C@@H]1Cc2ccccc2[C@@H]1NCc1cc(C(=O)N2CCN(Cc3nc(C)c(C)o3)CC2)nn1C,0
HGODEL0013-107-7-110,CNC(=O)[C@@H]1Cc2ccccc2[C@@H]1NCc1ccc(OC(C)C(=O)N2CCC(Nc3ccccc3OC)CC2)c(OC)c1,0
HGODEL0013-107-71-125,CNC(=O)[C@@H]1Cc2ccccc2[C@@H]1NCc1cn2cc(C(=O)N3CCCC4(CCCCCC4)C3)ccc2n1,0
HGODEL0013-224-48-153,CNC(=O)[C@@H]1[C@H]2CC[C@H](C2)[C@@H]1NCc1ccc(C(=O)N2CCC(Cc3occc3C(=O)OC)CC2)nn1,0
HGODEL0013-224-26-128,CNC(=O)[C@@H]1[C@H]2CC[C@H](C2)[C@@H]1NCc1n[nH]c2ccc(C(=O)N3CCCN(c4cncc(F)c4)CC3)cc12,0
HGODEL0013-191-12-489,CNC(=O)[C@H](C)CNCc1cccn1C(Cc1ccccc1)C(=O)NC(c1nnn[nH]1)C(C)C,0
HGODEL0024-42-9-150,CNC(=O)[C@H](C1CCCC1)n1c(-c2cnc(C)[nH]2)nc2cc(S(N)(=O)=O)ccc21,0
HGODEL0006-58-283-239,CNC(=O)[C@H](CC(C)C)Nc1cc(Nc2cc(-c3nnn(C)n3)ccc2C)nc(N2CCOC(C)C2)n1,0
HGODEL0024-83-11-326,CNC(=O)[C@H](CC(C)C)n1c(-c2cccc(OCCCN3CCN(C)CC3)c2)nc2ccc(C(=O)O)nc21,0
HGODEL0007-59-3-76,CNC(=O)[C@H](CC1CC1)Nc1nc(-c2ccc(F)cc2C)nc2c1ncn2Cc1ccccc1,0
HGODEL0013-256-56-276,CNC(=O)[C@H](CNCc1cc(C(=O)NC(C)C23CC4CC(CC(C4)C2)C3)nn1C)OC,0
HGODEL0013-352-47-18,CNC(=O)[C@H](CNCc1cccn2c(C(=O)N3CCN(C4CCCN(C)C4)CC3)cnc12)C(C)C,0
HGODEL0013-352-15-489,CNC(=O)[C@H](CNCc1ccoc1C(=O)NC(c1nnn[nH]1)C(C)C)C(C)C,0
HGODEL0024-112-9-282,CNC(=O)[C@H](Cc1c[nH]c2ccccc12)n1c(-c2ccc(-c3ccc(OC)cc3)o2)nc2cc(S(N)(=O)=O)ccc21,0
HGODEL0024-61-11-15,CNC(=O)[C@H](Cc1ccc(N(C)C)cc1)n1c(-c2c(Cl)ccc(OC)c2F)nc2ccc(C(=O)O)nc21,0
HGODEL0024-56-4-133,CNC(=O)[C@H](Cc1cccc(OC)c1)n1c(-c2cc(C)c(C)o2)nc2ccc(C(=O)O)cc21,0
HGODEL0024-56-4-429,CNC(=O)[C@H](Cc1cccc(OC)c1)n1c(-c2cc(C)cs2)nc2ccc(C(=O)O)cc21,0
HGODEL0045-39-522,CNC(=O)[C@H](Cc1ccccc1)N1Cc2cc(-c3ccc(C)cc3OC)ccc2C1=O,0
HGODEL0024-134-6-21,CNC(=O)[C@H](Cc1ccccc1Cl)n1c(-c2cc3ccccc3n2C)nc2cc(C)ccc21,0
HGODEL0024-43-7-361,CNC(=O)[C@H](Cc1ccccc1F)n1c(-c2ccccc2N2CCN(C)CC2)nc2cccnc21,0
HGODEL0034-45-240-1588,CNC(=O)[C@H](NC(=O)CNC(=O)c1ccc(-c2noc(-c3cc(C)[nH]c(=O)c3)n2)cc1)C(C)(C)C,0
HGODEL0034-162-223-1355,CNC(=O)[C@H]1CC(C)(C)CN1C(=O)c1ccc(C(C)(C)c2noc(C[C@@H](C)c3ccccc3)n2)cc1,0
HGODEL0007-52-4-229,CNC(=O)[C@H]1CCCCN1c1nc(-c2ccc3c(c2)CCO3)nc2c1ncn2C(C)C,0
HGODEL0045-129-332,CNC(=O)[C@H]1CCCC[C@@H]1N1Cc2cc(-c3ccc(-c4ccccc4)cc3)ccc2C1=O,0
HGODEL0013-281-60-180,CNC(=O)[C@H]1CCC[C@@H]1NCc1ccc(C(=O)Nc2nc(C)c(-c3nccn3C)s2)nc1,0
HGODEL0013-281-32-23,CNC(=O)[C@H]1CCC[C@@H]1NCc1ccc2oc(C(=O)N3CCN(c4ccc(CN(C)C)cn4)CC3)cc2c1,0
HGODEL0013-281-12-57,CNC(=O)[C@H]1CCC[C@@H]1NCc1cccn1C(Cc1ccccc1)C(=O)N(C)Cc1ccc(CN2C[C@H](C)O[C@H](C)C2)cc1,0
HGODEL0013-281-47-63,CNC(=O)[C@H]1CCC[C@@H]1NCc1cccn2c(C(=O)N(C)Cc3nnc(C4CC4)n3C)cnc12,0
HGODEL0032-51-188-354,CNC(=O)[C@H]1CCC[C@H]1NC(=O)c1cc(C#Cc2cccc(OCCO)c2)cc(OC(C)C)c1,0
HGODEL0031-2-558-332,CNC(=O)[C@H]1CCN(c2ncc(-c3cccc(O)c3F)cc2CNCc2ccc(OC)cc2)C1,0
HGODEL0013-90-74-426,CNC(=O)[C@H]1CC[C@@H](CNCc2cccc(C(=O)NCCN3CCN(c4ncccn4)CC3)c2)O1,0
HGODEL0013-283-63-429,CNC(=O)[C@H]1CC[C@@H](NCc2c[nH]nc2C(=O)NCC(Oc2ccccc2)c2ccccc2)CC1,0
HGODEL0013-166-6-370,CNC(=O)[C@H]1CC[C@@H](NCc2cc(C(=O)N3CCC(OCc4ccc(F)cc4)CC3)c(OC)cc2OC)CC1,0
HGODEL0013-283-55-5,CNC(=O)[C@H]1CC[C@@H](NCc2cc(C(=O)NCCN3C(C)CCCC3C)cs2)CC1,0
HGODEL0013-283-34-246,CNC(=O)[C@H]1CC[C@@H](NCc2cc(Cl)c(OC(C)C(=O)NCCc3ccc4ncccc4c3)c(OC)c2)CC1,0
HGODEL0013-320-54-267,CNC(=O)[C@H]1CC[C@H](CNCc2ccc(C(=O)NCc3cnn(-c4ccccc4OC)c3)cn2)CC1,0
HGODEL0013-85-65-358,CNC(=O)[C@H]1CC[C@H]1CNCc1cc(C(=O)N(C)CCc2ncon2)no1,0
HGODEL0009-30-146-102,CNC(=O)[C@H]1CN(C(=O)c2cnc(C(C)=O)s2)C[C@@H]1c1ccnc(-c2cccc(C)c2F)c1,0
HGODEL0009-28-151-380,CNC(=O)[C@H]1CN(C(=O)c2cnccc2OC)C[C@@H]1c1ccc(-c2ccc3c(c2)CC(C)O3)cc1,0
HGODEL0013-239-70-306,CNC(=O)[C@H]1COC[C@H]1NCc1cccc(C(=O)NC(C#N)c2cccc(C(F)(F)F)c2)n1,0
HGODEL0013-239-13-365,CNC(=O)[C@H]1COC[C@H]1NCc1cn(C)nc1C(=O)Nc1c[nH]c(C(=O)N2CCCC2)c1,0
HGODEL0012-949-68-579,CNC(=O)[C@H]1C[C@@H](F)CN1C(=O)[C@H]1CC[C@H](C(=O)N2CCCC(c3nc(C(C)C)cs3)C2)CC1,0
HGODEL0013-94-30-70,CNC(=O)[C@H]1C[C@@H](NCc2cc(C(=O)N3CCC(N4CCOC4=O)CC3)ccc2OC(F)F)C1,0
HGODEL0013-94-20-245,CNC(=O)[C@H]1C[C@@H](NCc2cc(C(=O)NC3CCCc4cc(OC)ccc43)nn2C)C1,0
HGODEL0013-94-41-29,CNC(=O)[C@H]1C[C@@H](NCc2cc(F)c(C(=O)N3CCCN(CC(F)(F)F)CC3)cc2F)C1,0
HGODEL0013-156-55-3,CNC(=O)[C@]1(C)CC[C@@H](NCc2cc(C(=O)NC3CCN(C(C)(C)C)C3)cs2)C1,0
HGODEL0013-156-50-513,CNC(=O)[C@]1(C)CC[C@@H](NCc2cc(C(=O)Nc3nnc(CC(F)(F)F)s3)n[nH]2)C1,0
HGODEL0013-156-71-370,CNC(=O)[C@]1(C)CC[C@@H](NCc2cn3cc(C(=O)N4CCC(OCc5ccc(F)cc5)CC4)ccc3n2)C1,0
HGODEL0010-24-1567-1507,CNC(=O)c1[nH]nc(Cl)c1CN(Cc1cnc(-c2ccccc2)s1)C(=O)c1ccc2[nH]ncc2c1C,0
HGODEL0035-135-11-1612,CNC(=O)c1c(-c2ccc(CN3Cc4ccccc4C(C(=O)Nc4c(C)nn(C(C)C)c4C)C3)cc2)noc1C(C)(C)C,0
HGODEL0013-185-30-501,CNC(=O)c1c(CNCc2cc(C(=O)N3CCN(c4cccc5sccc45)CC3)ccc2OC(F)F)cnn1C,0
HGODEL0020-1-343-640,CNC(=O)c1cc(-c2cc(C(C)(C)C)cc(C(C)(C)C)c2)cnc1NCC1CCN(CCO)CC1,0
HGODEL0020-1-229-149,CNC(=O)c1cc(-c2cc(F)c(OC)cc2F)cnc1NCC1(O)CCCC1,0
HGODEL0020-1-981-64,CNC(=O)c1cc(-c2cc(OC(C)C)ccc2F)cnc1N(C)Cc1c(C)nn(C(C)C)c1C,0
HGODEL0020-1-1171-254,CNC(=O)c1cc(-c2ccc(C(=O)N(C(C)C)C(C)C)cc2)cnc1N(CCO)Cc1ccccc1C,0
HGODEL0020-1-543-506,CNC(=O)c1cc(-c2ccc(C(=O)N(C)C)c(F)c2)cnc1N1CCC(CN2CCCCC2)CC1,0
HGODEL0020-1-1171-207,CNC(=O)c1cc(-c2ccc(C(=O)N(C)Cc3ccccc3)cc2)cnc1N(CCO)Cc1ccccc1C,0
HGODEL0020-1-918-160,CNC(=O)c1cc(-c2ccc(C(=O)NCC3CCCO3)cc2)cnc1NCCC(=O)N1CCN(C(C)=O)CC1,0
HGODEL0020-1-347-372,CNC(=O)c1cc(-c2ccc(C(=O)NCc3ccccc3)c(F)c2)cnc1N(C)Cc1ccc(OC)cc1,0
HGODEL0020-1-1154-145,CNC(=O)c1cc(-c2ccc(C)cc2)cnc1NCCc1ccccc1F,0
HGODEL0020-1-65-189,CNC(=O)c1cc(-c2ccc(C3CCCCC3)cc2)cnc1NC(CCO)c1ccc(OC)cc1,0
HGODEL0020-1-386-566,CNC(=O)c1cc(-c2ccc(CN3CCOCC3)s2)cnc1NC(C)c1ccc(OC)cc1,0
HGODEL0020-1-845-340,CNC(=O)c1cc(-c2ccc(F)c(F)c2F)cnc1N(C)CCS(C)(=O)=O,0
HGODEL0020-1-1290-155,CNC(=O)c1cc(-c2ccc(N3CCCCC3)nc2)cnc1N1CC=C(c2ccccc2)CC1,0
HGODEL0020-1-1352-327,CNC(=O)c1cc(-c2ccc(N3CCOCC3)c(F)c2)cnc1NCCCN1CCCCCC1,0
HGODEL0020-1-207-252,CNC(=O)c1cc(-c2ccc(OC(C)C)cc2F)cnc1N1CCC(OCCOC)CC1,0
HGODEL0020-1-372-294,CNC(=O)c1cc(-c2ccc3[nH]ncc3c2C)cnc1NCc1cccc(C(=O)N(C)C)c1,0
HGODEL0020-1-926-608,CNC(=O)c1cc(-c2ccc3nonc3c2)cnc1NCc1cccnc1,0
HGODEL0020-1-887-257,CNC(=O)c1cc(-c2cccc(C(=O)N(C)C3CCCCC3)c2)cnc1N1CC2(COC2)C1,0
HGODEL0020-1-28-206,CNC(=O)c1cc(-c2cccc(C(=O)Nc3ccc(F)c(F)c3)c2)cnc1NC#N,0
HGODEL0020-1-1038-134,CNC(=O)c1cc(-c2ccccc2CN2CCOCC2)cnc1NCc1ccc(-c2cccs2)cc1,0
HGODEL0009-3-548-3146,CNC(=O)c1cc(-c2ccncc2)nc(N(C)C2CCN(Cc3ccc4cnn(C)c4c3)C2)c1,0
HGODEL0020-1-572-357,CNC(=O)c1cc(-c2cnn(C3CC3)c2)cnc1N(C)CC1CCCN1C,0
HGODEL0020-1-66-431,CNC(=O)c1cc(-c2cnn(CC(F)(F)F)c2)cnc1N(C)Cc1nc2c(s1)CCCC2,0
HGODEL0020-1-1045-326,CNC(=O)c1cc(-c2cnn(CCC(C)C)c2)cnc1NC1CCN(Cc2cccnc2)CC1,0
HGODEL0013-161-54-330,CNC(=O)c1cc(C)c(CNCc2ccc(C(=O)N3CCn4cc(C5CCCC5)nc4C3)cn2)c(C)c1,0
HGODEL0020-1-1207-461,CNC(=O)c1cc(C=Cc2ccccc2)cnc1N1CCC(C(O)c2ccc(F)cc2)CC1,0
HGODEL0027-139-530-205,CNC(=O)c1cc(CC2CCN(c3nc(NCc4cc[nH]c4)nc(Nc4ccc(OC)c(O)c4)n3)CC2)on1,0
HGODEL0035-305-8-1707,CNC(=O)c1cc(CN(Cc2cccc(F)c2)C(C)C(=O)NC[C@@H]2CCCO2)ccc1OCC(C)C,0
HGODEL0035-186-179-1490,CNC(=O)c1cc(CN2CCC(CC(=O)N(C)Cc3cc(F)ccc3C)c3ccccc32)n(C)n1,0
HGODEL0013-151-40-384,CNC(=O)c1cc(CNCc2c(F)cc(C(=O)NCCc3cccc(S(C)(=O)=O)c3)cc2F)ccn1,0
HGODEL0013-146-63-332,CNC(=O)c1cc(CNCc2c[nH]nc2C(=O)N2CCC(Cc3ncon3)CC2)c2n1CCCC2,0
HGODEL0013-146-65-501,CNC(=O)c1cc(CNCc2cc(C(=O)N3CCN(c4cccc5sccc45)CC3)no2)c2n1CCCC2,0
HGODEL0013-247-44-366,CNC(=O)c1cc(CNCc2ccc(-c3cccc(C(=O)N4CCN(Cc5ccc(C(C)C)cc5)CC4)c3)cc2)n2c1CCCC2,0
HGODEL0013-150-42-444,CNC(=O)c1cc(CNCc2ccccc2-c2cccc(C(=O)NCC3CCCCN3S(=O)(=O)N(C)C)c2)n(C)c1C,0
HGODEL0013-146-71-270,CNC(=O)c1cc(CNCc2cn3cc(C(=O)NCCN(C(C)C)C4CC4)ccc3n2)c2n1CCCC2,0
HGODEL0013-146-57-88,CNC(=O)c1cc(CNCc2cnc(C(=O)N3CCN(C4CCC4)CC(C)C3)s2)c2n1CCCC2,0
HGODEL0013-247-62-322,CNC(=O)c1cc(CNCc2cnc(C(=O)N3CCN(Cc4nc(C)no4)CC3)cn2)n2c1CCCC2,0
HGODEL0035-331-71-1613,CNC(=O)c1cc(F)c(CN2CC(C)(C)OCC2C(=O)Nc2cc(C(C)C)ccc2C)c(F)c1,0
HGODEL0039-11-5-13,CNC(=O)c1cc(F)cc([C@@H]2C[C@H](F)CN2C(=O)C(CC(F)F)NC(=O)c2cnc(C)n2C)c1,0
HGODEL0040-158-1-889,CNC(=O)c1cc(Nc2cccc(C(=O)N3CCCCC4(CCCC4)C3)c2)ccc1OCC(C)C,0
HGODEL0013-131-61-417,CNC(=O)c1cc([C@H](C)NCc2ccnc3c(C(=O)NC4C(=O)OCCC4(C)C)cccc23)ccc1OC,0
HGODEL0035-326-62-1248,CNC(=O)c1cc2ccc(CN3CCc4ccc(C(=O)N5CCC(C)c6ccccc65)cc43)n2cn1,0
HGODEL0020-2-489-331,CNC(=O)c1ccc(-c2c(C)noc2C)nc1N1CCC(c2ccncc2)C1,0
HGODEL0020-2-154-132,CNC(=O)c1ccc(-c2cc(C(=O)NCc3ccccc3)ccc2F)nc1NCCCN(C)C1CCCC1,0
HGODEL0020-2-356-507,CNC(=O)c1ccc(-c2cc(OC)cc(OC)c2)nc1N1CCC(Oc2ncccn2)CC1,0
HGODEL0020-2-1338-412,CNC(=O)c1ccc(-c2ccc(C(=O)NC3CC3)c(F)c2)nc1N1CCn2cccc2C1,0
HGODEL0020-2-405-531,CNC(=O)c1ccc(-c2ccc(C(=O)Nc3ccc(F)cc3)cc2)nc1N(C)Cc1cccc(SC)c1,0
HGODEL0020-2-1136-93,CNC(=O)c1ccc(-c2ccc(C)c(OC)c2)nc1N1CCCC(CCCO)C1,0
HGODEL0020-2-925-93,CNC(=O)c1ccc(-c2ccc(C)c(OC)c2)nc1NCc1ccccc1Cn1cccn1,0
HGODEL0020-2-663-625,CNC(=O)c1ccc(-c2ccc(CN3CCOCC3)cc2)nc1NCCN1CCCCC1,0
HGODEL0020-2-991-494,CNC(=O)c1ccc(-c2ccc(F)c(N)c2)nc1NCC1CCCN(C)C1,0
HGODEL0020-2-192-408,CNC(=O)c1ccc(-c2ccc(F)c3ccccc23)nc1N1CC(C)CC(C)C1,0
HGODEL0020-2-539-577,CNC(=O)c1ccc(-c2ccc(N3CCOCC3)nc2)nc1NCCCOC,0
HGODEL0020-2-601-161,CNC(=O)c1ccc(-c2ccc(NC(=O)NC3CC3)cc2)nc1N1CCC(c2nc(C(C)(C)C)cs2)CC1,0
HGODEL0020-2-950-173,CNC(=O)c1ccc(-c2ccc(OC)cc2C)nc1N[C@@H]1CCCN(Cc2ccccc2)C1,0
HGODEL0020-2-841-112,CNC(=O)c1ccc(-c2ccc(S(=O)(=O)C(C)C)cc2)nc1NCc1ccc(OCCN(C)C)cc1,0
HGODEL0020-2-1134-593,CNC(=O)c1ccc(-c2ccc3c(c2)oc(=O)n3C)nc1NCCc1noc(C2CC2)n1,0
HGODEL0035-370-19-1396,CNC(=O)c1ccc(-c2cccc(CN3CCC(C(C)C(=O)NCc4nnc(C(C)C)[nH]4)CC3)c2)cc1,0
HGODEL0020-2-399-279,CNC(=O)c1ccc(-c2cccc(COC)c2)nc1N(C)Cc1csc(-c2cccs2)n1,0
HGODEL0020-2-720-569,CNC(=O)c1ccc(-c2cccc(NS(=O)(=O)N(C)C)c2)nc1NCCCc1ccccn1,0
HGODEL0020-2-1030-209,CNC(=O)c1ccc(-c2cccc3c2oc2ccccc23)nc1N1CCN(C(C)c2ccccc2)CC1,0
HGODEL0013-80-47-174,CNC(=O)c1ccc(-c2ccccc2CNCc2cccn3c(C(=O)NCCc4ccccc4Br)cnc23)cc1,0
HGODEL0020-2-248-450,CNC(=O)c1ccc(-c2ccccc2F)nc1N1CCOC(c2ccc(OC)cc2)C1,0
HGODEL0011-61-27-288,CNC(=O)c1ccc(-n2cccc2CN2CCC(CN(C)C(=O)c3ccc(N4CCOCC4)nn3)C2)cc1,0
HGODEL0013-258-33-10,CNC(=O)c1ccc(C(C)NCc2ccn3ncc(C(=O)Nc4cccc(-n5ccnc5C)c4)c3c2)cc1,0
HGODEL0041-239-314,CNC(=O)c1ccc(C(CNCC(c2ccc(C)s2)N2CCOCC2)C(=O)NC)cc1F,0
HGODEL0013-284-13-174,CNC(=O)c1ccc(C2(NCc3cn(C)nc3C(=O)NCCc3ccccc3Br)CC2)cc1,0
HGODEL0010-22-2069-2609,CNC(=O)c1ccc(CN(Cc2cccn2-c2nccc(OC)c2C#N)CC2CCN(C3CCCC3)CC2)cn1,0
HGODEL0010-11-959-2952,CNC(=O)c1ccc(CN(Cc2cnn(-c3ccccc3)n2)Cc2cccc(C(F)(F)F)c2OC)s1,0
HGODEL0010-22-128-1637,CNC(=O)c1ccc(CN(Cc2conc2C(C)(C)C)C(=O)c2n[nH]c(=O)c3ccccc23)cn1,0
HGODEL0010-21-1702-365,CNC(=O)c1ccc(CN(Cc2nnc(N(C)C)[nH]2)C(=O)Cc2ccc3c(c2)OCO3)o1,0
HGODEL0035-251-39-1852,CNC(=O)c1ccc(CN2CCC(CCC(=O)NC3CCC(c4ncno4)CC3)CC2)cc1,0
HGODEL0013-332-18-267,CNC(=O)c1ccc(CNCc2ccc(-c3ccc(C(=O)NCc4cnn(-c5ccccc5OC)c4)cc3)o2)s1,0
HGODEL0013-126-24-171,CNC(=O)c1ccc(CNCc2ccc(C(=O)N(C)C[C@@H]3C[C@H](F)CN3Cc3ccnn3C)cc2)nc1C1CC1,0
HGODEL0013-227-5-185,CNC(=O)c1ccc(CNCc2ccc(C(=O)N3CCN(CC(=O)N4CCCCC4C)CC3)nc2)c(OC)c1,0
HGODEL0013-144-54-479,CNC(=O)c1ccc(CNCc2ccc(C(=O)N3CCN(Cc4c(C)nc5n4CCCC5)CC3)cn2)o1,0
HGODEL0013-333-60-285,CNC(=O)c1ccc(CNCc2ccc(C(=O)N3CCN(c4ccccc4C(C)C)CC3)nc2)nc1,0
HGODEL0013-345-25-159,CNC(=O)c1ccc(CNCc2cccc(CC(=O)N(C)Cc3nnc4n3CCOC4)c2)cn1,0
HGODEL0013-345-57-409,CNC(=O)c1ccc(CNCc2cnc(C(=O)NC3CCN(Cc4ccccc4OC)CC3)s2)cn1,0
HGODEL0010-19-1506-725,CNC(=O)c1ccc(F)c(CN(CC2CCN2Cc2ccccc2)C(=O)c2ccccc2OCc2ccccc2)c1,0
HGODEL0010-19-2188-581,CNC(=O)c1ccc(F)c(CN(CCCC(=O)O)C(=O)[C@@H]2C[C@H]2c2ccn(C)n2)c1,0
HGODEL0013-347-19-129,CNC(=O)c1ccc(N2CCC(NCc3cccc(OC(C)C(=O)N4CCN(Cc5csc(-c6ccccc6)n5)CC4)c3)CC2)nc1,0
HGODEL0013-347-62-278,CNC(=O)c1ccc(N2CCC(NCc3cnc(C(=O)NCc4ccc5c(c4)CC(C)O5)cn3)CC2)nc1,0
HGODEL0011-69-53-74,CNC(=O)c1ccc(OC)c(CN2CCCC23CCN(C(=O)CCOc2cc(C)cc(C)c2C)CC3)c1,0
HGODEL0040-219-3-294,CNC(=O)c1ccc(OC)c(Nc2cccc(CC(=O)NCCn3cncn3)c2)n1,0
HGODEL0031-12-370-1059,CNC(=O)c1ccc(Oc2ccc(C3=CCCC(C)(C)C3)c(CNCCCc3ccnc(C)c3)c2)nc1,0
HGODEL0013-322-36-526,CNC(=O)c1ccc2c(CNCc3c(F)ccc(C(=O)Nc4nc(CC5CCCO5)cs4)c3F)cccc2c1,0
HGODEL0013-322-14-226,CNC(=O)c1ccc2c(CNCc3cc(F)c(C(=O)NCCCn4cnc5c4CCCC5)c(F)c3)cccc2c1,0
HGODEL0013-234-32-533,CNC(=O)c1ccc2c(c1)C(CNCc1ccc3oc(C(=O)NCC4CCN4C)cc3c1)CCC2,0
HGODEL0013-167-41-347,CNC(=O)c1ccc2c(c1)CC(NCc1cc(F)c(C(=O)N3CC(=O)N(Cc4ccccc4)C3)cc1F)CCC2,0
HGODEL0013-87-44-416,CNC(=O)c1ccc2c(c1)CC(NCc1ccc(-c3cccc(C(=O)NCc4ccc(OCCOc5ccccc5)nc4)c3)cc1)C2,0
HGODEL0013-167-43-3,CNC(=O)c1ccc2c(c1)CC(NCc1ccc(-c3ccccc3CC(=O)NC3CCN(C(C)(C)C)C3)cc1)CCC2,0
HGODEL0013-167-32-450,CNC(=O)c1ccc2c(c1)CC(NCc1ccc3oc(C(=O)N4CCOc5cccc(C(=O)OC)c5C4)cc3c1)CCC2,0
HGODEL0013-95-46-29,CNC(=O)c1ccc2c(c1)CCC(NCc1ccc(C(=O)N3CCCN(CC(F)(F)F)CC3)cc1)C(=O)N2,0
HGODEL0032-40-313-648,CNC(=O)c1ccc2c(c1)CN(C(=O)C1CC(=O)N(c3ccc(C#CCOCc4ccccc4)cc3)C1)C2,0
HGODEL0013-170-63-346,CNC(=O)c1ccc2cc(CNCc3c[nH]nc3C(=O)Nc3cccc(-c4cccc(C)c4)c3)ccc2c1,0
HGODEL0013-170-29-517,CNC(=O)c1ccc2cc(CNCc3cc(C(=O)N4CC5(CCC5)c5c(F)cccc54)ccc3F)ccc2c1,0
HGODEL0013-135-30-327,CNC(=O)c1ccc2cccc(CNCc3cc(C(=O)NCCCCl)ccc3OC(F)F)c2c1,0
HGODEL0013-135-46-229,CNC(=O)c1ccc2cccc(CNCc3ccc(C(=O)NCc4c(C)nn(C)c4N4CCCOC(C)C4)cc3)c2c1,0
HGODEL0027-151-657-245,CNC(=O)c1ccc2cccc(CNc3nc(NCC4CC5(C4)CC5F)nc(Nc4ccn(CCF)n4)n3)c2c1,0
HGODEL0013-344-13-228,CNC(=O)c1ccc2nc(CNCc3cn(C)nc3C(=O)NC(C)C3CC(F)(F)C3)[nH]c2c1,0
HGODEL0020-2-994-25,CNC(=O)c1cccc(-c2ccc(C(=O)NC)c(NCCN3CCN(C(C)C)CC3)n2)c1,0
HGODEL0035-298-74-1045,CNC(=O)c1cccc(-c2ccc(OC)cc2CN2CCCC(CC(=O)Nc3cn(CC4CC4)cn3)C2)c1,0
HGODEL0011-38-33-858,CNC(=O)c1cccc(-n2c(C)cc(CN3CCC[C@H](N(C)C(=O)c4cnn(-c5cc(C)cc(C)c5)n4)C3)c2C)c1C,0
HGODEL0013-235-73-424,CNC(=O)c1cccc(CNCc2c(F)cc(C(=O)NCCCC3C=NNC3=O)cc2F)c1,0
HGODEL0013-235-1-89,CNC(=O)c1cccc(CNCc2ccc(-c3cccc(C(=O)NCC(C)N4CCc5ccccc54)c3)s2)c1,0
HGODEL0013-235-26-357,CNC(=O)c1cccc(CNCc2n[nH]c3ccc(C(=O)N(Cc4nc(C5CCCCCC5)no4)C4CC4)cc23)c1,0
HGODEL0013-346-18-115,CNC(=O)c1cccc2c(CNCc3ccc(-c4ccc(C(=O)N5CCC(CN(C)Cc6scnc6C)C5)cc4)o3)cccc12,0
HGODEL0013-112-41-313,CNC(=O)c1ccccc1-c1ccc(CNCc2cc(F)c(C(=O)NC(C#N)c3ccccc3C(F)(F)F)cc2F)cc1,0
HGODEL0013-319-18-19,CNC(=O)c1ccccc1CNCc1ccc(-c2ccc(C(=O)N3CCCC(n4ccnc4)C3)cc2)o1,0
HGODEL0027-353-624-436,CNC(=O)c1ccccc1Nc1nc(N(C)Cc2ncc(C)[nH]2)nc(N(C)Cc2ccncc2C)n1,0
HGODEL0013-353-23-509,CNC(=O)c1cccnc1CNCc1ccc(-c2ccccc2C(=O)N2CCN(Cc3nnc(C)n3C)CC2)cc1,0
HGODEL0013-353-19-13,CNC(=O)c1cccnc1CNCc1cccc(OC(C)C(=O)NC(C)c2ccc(-n3c(C)c[nH]c3=O)cc2)c1,0
HGODEL0013-349-46-96,CNC(=O)c1ccn(-c2cccc(CNCc3ccc(C(=O)N4CCCN5c6ccccc6CC5C4)cc3)c2)n1,0
HGODEL0027-347-308-123,CNC(=O)c1ccn(C2CCCN(c3nc(NCCCn4nccc4C)nc(NCCN4CCCCC4C)n3)C2)n1,0
HGODEL0013-179-60-7,CNC(=O)c1ccn(CCCNCc2ccc(C(=O)NCc3ccncc3OCc3ccccc3)nc2)n1,0
HGODEL0013-189-46-180,CNC(=O)c1ccnc(CNCc2ccc(C(=O)Nc3nc(C)c(-c4nccn4C)s3)cc2)c1,0
HGODEL0013-189-10-274,CNC(=O)c1ccnc(CNCc2cn(C3CCOCC3)nc2C(=O)NC(C)C2(OC)CCC2)c1,0
HGODEL0013-189-51-485,CNC(=O)c1ccnc(CNCc2cnc(C(=O)N3CC=C(c4ccccc4S(C)(=O)=O)CC3)cc2C)c1,0
HGODEL0013-231-24-334,CNC(=O)c1ccnc(N2CCC(NCc3ccc(C(=O)NC4CCN(c5ccccc5C#N)CC4)cc3)CC2)c1,0
HGODEL0013-231-70-279,CNC(=O)c1ccnc(N2CCC(NCc3cccc(C(=O)NCCC4=NC(=O)C(C)C(=O)N4)n3)CC2)c1,0
HGODEL0010-6-677-1342,CNC(=O)c1ccoc1CN(CCN1CCC1)C(=O)CCc1ccc(C)s1,0
HGODEL0019-6-1072-11,CNC(=O)c1cn(C2CCN(C(=O)Cc3cccc(O)c3)CC2)c(-c2ccc(F)cc2C2CC2)n1,0
HGODEL0013-120-67-41,CNC(=O)c1cn(CCCNCc2cc(C(=O)Nc3nnc(-c4ccc(Cl)cc4)s3)cc(C(F)(F)F)c2)nn1,0
HGODEL0013-120-58-163,CNC(=O)c1cn(CCCNCc2ncc(C(=O)N3CCC(OCCC(C)C)CC3)cc2Cl)nn1,0
HGODEL0013-238-41-432,CNC(=O)c1cn(CCNCc2cc(F)c(C(=O)NC(C)C(OC)c3ccc(F)cc3)cc2F)nn1,0
HGODEL0013-162-30-482,CNC(=O)c1cn([C@H]2CCCC[C@H]2NCc2cc(C(=O)N3CCC(c4nc5ccccc5[nH]4)C3)ccc2OC(F)F)nn1,0
HGODEL0013-162-18-259,CNC(=O)c1cn([C@H]2CCCC[C@H]2NCc2ccc(-c3ccc(C(=O)NC(C)CN(C)C4CCN(C)CC4)cc3)o2)nn1,0
HGODEL0013-162-7-91,CNC(=O)c1cn([C@H]2CCCC[C@H]2NCc2ccc(OC(C)C(=O)Nc3c(Cl)cc(C#N)cc3Cl)c(OC)c2)nn1,0
HGODEL0013-162-74-219,CNC(=O)c1cn([C@H]2CCCC[C@H]2NCc2cccc(C(=O)NCC3(OC(C)C)CCCCC3)c2)nn1,0
HGODEL0013-96-41-9,CNC(=O)c1cn2cc(CNCc3cc(F)c(C(=O)Nc4cncc(C(C)C)c4)cc3F)ccc2n1,0
HGODEL0045-25-625,CNC(=O)c1cnc(C(C)N2Cc3cc(-c4cc(C)ccc4C4(O)CCCC4)ccc3C2=O)s1,0
HGODEL0013-143-17-411,CNC(=O)c1cncc(CNCc2ccc(-c3cccc(CC(=O)NC(C)c4ccc(-n5cncn5)cc4)c3)cc2)c1,0
HGODEL0013-143-58-220,CNC(=O)c1cncc(CNCc2ncc(C(=O)NCCC3CC(OC(C)(C)C)C3)cc2Cl)c1,0
HGODEL0013-187-65-512,CNC(=O)c1cnn(CC(C)NCc2cc(C(=O)N3CCN(Cc4cnn(-c5ccccc5)c4)CC3)no2)c1,0
HGODEL0013-187-22-45,CNC(=O)c1cnn(CC(C)NCc2ccn([C@H]3C[C@H](C(=O)Nc4nnc(-c5cccc(F)c5)s4)C3)n2)c1,0
HGODEL0013-98-69-303,CNC(=O)c1cnn(CCNCc2ccc(C(=O)NCC(C)c3ccncc3)c(F)c2)c1,0
HGODEL0013-232-25-201,CNC(=O)c1cnn2c1CC(NCc1cccc(CC(=O)NCC3CCN(CC(F)(F)F)C3)c1)CC2,0
HGODEL0013-232-26-453,CNC(=O)c1cnn2c1CC(NCc1n[nH]c3ccc(C(=O)N4CCC(n5cc(C(=O)N(C)C)nn5)CC4)cc13)CC2,0
HGODEL0013-240-74-527,CNC(=O)c1cnn2cc(CCNCc3cccc(C(=O)N4CCN(C5CC5)c5ccccc54)c3)cnc12,0
HGODEL0013-240-28-355,CNC(=O)c1cnn2cc(CCNCc3n[nH]c4cc(C(=O)N5CCN(C(C)COC)CC5)ccc34)cnc12,0
HGODEL0013-221-56-313,CNC(=O)c1coc([C@H](C)NCc2cc(C(=O)NC(C#N)c3ccccc3C(F)(F)F)nn2C)n1,0
HGODEL0013-221-17-344,CNC(=O)c1coc([C@H](C)NCc2ccc(-c3cccc(CC(=O)Nc4cn(CC(C)C)nc4C(F)F)c3)cc2)n1,0
HGODEL0040-50-7-117,CNC(=O)c1coc2c(Nc3ccc(C(=O)NC4CCc5nnc(C)n5C4)cc3)cccc12,0
HGODEL0013-86-22-404,CNC(=O)c1conc1C1(CNCc2ccn([C@H]3C[C@H](C(=O)NC4CCn5cncc5C4)C3)n2)CC1,0
HGODEL0013-316-14-486,CNC(=O)c1csc(CCNCc2cc(F)c(C(=O)N3CCC(c4nc5cc(C(F)(F)F)ccc5s4)CC3)c(F)c2)n1,0
HGODEL0013-316-60-317,CNC(=O)c1csc(CCNCc2ccc(C(=O)N3CC(c4cn(Cc5ccccc5)nn4)C3)nc2)n1,0
HGODEL0013-316-15-492,CNC(=O)c1csc(CCNCc2ccoc2C(=O)N2CCC(C)(N3CCCC3)CC2)n1,0
HGODEL0013-316-2-11,CNC(=O)c1csc(CCNCc2cn(CC(=O)N3CCCC(Cc4ccccc4)C3)nn2)n1,0
HGODEL0028-15-65-365,CNC(=O)c1cscc1C(=O)NCC1(C)CCN(Cc2c(C)nn(-c3ccccc3C)c2C)CC1,0
HGODEL0010-17-291-260,CNC(=O)c1cscc1CN(CCCOc1cccc(Cl)c1)C(=O)Cc1c(C)nc2ccccn12,0
HGODEL0013-132-1-135,CNC(=O)c1nc(C(C)NCc2ccc(-c3cccc(C(=O)N4CCCN(c5nc(C)ns5)CC4)c3)s2)sc1C,0
HGODEL0013-125-12-198,CNC(=O)c1nc(CCNCc2cccn2C(Cc2ccccc2)C(=O)NCc2ccnc(N3CCN(C)CC3)n2)sc1C,0
HGODEL0013-125-13-85,CNC(=O)c1nc(CCNCc2cn(C)nc2C(=O)N2CCC(c3nc(C(F)(F)F)cs3)CC2)sc1C,0
HGODEL0013-343-64-44,CNC(=O)c1nc(CNCc2ccc(C(=O)Nc3nnc(C)n3C3CC3)cc2C(F)(F)F)sc1C,0
HGODEL0038-538-5-98,CNC(=O)c1nc(Nc2ccc(OC3CCN(C(=O)[C@H]4C[C@H](C)CCO4)CC3)cc2)sc1C,0
HGODEL0027-444-46-83,CNC(=O)c1nn(-c2ccccc2)c2c1CN(c1nc(NCc3cnc(C)cn3)nc(NCC3(F)CCC3)n1)CC2,0
HGODEL0027-194-729-452,CNC(=O)c1nn(C(C)(C)C)c2c1CN(c1nc(NC3CCC(=O)NC3(C)C)nc(N3C[C@@H]4C(CO)[C@@H]4C3)n1)CC2,0
HGODEL0010-8-1424-2532,CNC(=O)c1nn(C)cc1CN(Cc1ccc(-n2ccnc2)c(OC)c1)C(C)c1ccc(F)cc1OC,0
HGODEL0027-277-597-456,CNC(=O)c1oc(CNc2nc(Nc3ncn[nH]3)nc(N3CC[C@@H]4CC[C@@H]43)n2)cc1C,0
HGODEL0030-701-87-342,CNC(=O)c1sc(C(C)NC(=O)CCOc2cccc(CNC(C(C)(C)C)C(F)(F)F)c2)nc1C,0
HGODEL0013-289-38-281,CNC(=O)c1sc(CCCNCc2ccc(CC(=O)NCC(C)c3nc4ccncc4[nH]3)cc2)nc1C,0
HGODEL0008-6-205-236,CNC(=O)c1sc(CCN(C(=O)c2ccc3c[nH]nc3c2)C2CC3(CCC3)C2)nc1C,0
HGODEL0013-340-65-501,CNC(=O)c1sc(CCNCc2cc(C(=O)N3CCN(c4cccc5sccc45)CC3)no2)nc1C,0
HGODEL0013-331-17-88,CNC(=O)c1sc(CNCc2ccc(-c3cccc(CC(=O)N4CCN(C5CCC5)CC(C)C4)c3)cc2)nc1C,0
HGODEL0028-67-61-282,CNC(=O)c1sc2ccccc2c1C(=O)N1CCN(Cc2c(F)cccc2N2CCCC2)CC(F)(F)C1,0
HGODEL0013-77-3-345,CNC(=O)c1sc2ccccc2c1CNCc1cn[nH]c1C(=O)Nc1nnn(Cc2ccccc2F)c1C,0
HGODEL0010-7-1051-1657,CNC(=O)c1sccc1CN(CC1C(F)(F)C12CCOCC2)C(=O)Cc1cc(F)ccc1OC,0
HGODEL0010-7-1644-27,CNC(=O)c1sccc1CN(CCn1nccc1C)C(=O)CCC1CC(F)(F)C1,0
HGODEL0013-315-55-313,CNC(=O)c1sccc1CNCc1cc(C(=O)NC(C#N)c2ccccc2C(F)(F)F)cs1,0
HGODEL0013-315-43-519,CNC(=O)c1sccc1CNCc1ccc(-c2ccccc2CC(=O)NC(C)c2cn(-c3ccccc3)nn2)cc1,0
HGODEL0045-289-771,CNS(=O)(=O)c1ccc(-c2ccc3c(c2)CN(C[C@H](C)NC(C)=O)C3=O)cc1,0
HGODEL0001-6-512-482,CNc1ncc(-c2cc(S(=O)(=O)N3CCCC3)ccc2C)c(N[C@H]2CC[C@@H](NC(=O)c3cccc4c3OCC4)CC2)n1,0
HGODEL0001-47-438-231,CNc1ncc(-c2cnc(OC)c(N)c2)c(NCC2(NC(=O)CCOc3ccccc3OC)CC2)n1,0
HGODEL0001-43-65-848,CNc1ncc(-c2cnccc2C)c(N2CC(NC(=O)c3ccc(N4CCOCC4)c(F)c3)C2)n1,0
HGODEL0013-73-37-450,COC(=O)c1cccc2c1CN(C(=O)c1ccc(-c3ccc(CNc4ccc(NC(C)=O)cc4OC)cc3C)cc1)CCO2,0
HGODEL0013-19-12-138,COC(=O)c1cnc(C2CCCN2C(=O)C(Cc2ccccc2)n2cccc2CNC[C@@H](NC(C)=O)c2ccccc2)nc1,0
HGODEL0015-144-396-426,COC1(C(F)(F)C(=O)N[C@@H](CC(=O)N(C)CC2CN(CC(C)C)C(=O)O2)Cc2ccccc2F)CCC1,0
HGODEL0027-845-185-477,COC1(CNC(C)=O)CN(c2nc(Nc3ccc(O)cc3)nc(N3CC[C@H](NC(C)=O)C3)n2)C1,0
HGODEL0015-1389-261-458,COCC(C)(C)C(=O)NCc1cncc(C(=O)N(C)CC2CCN(C)c3ccccc32)c1,0
HGODEL0015-1493-210-371,COCC1(C(=O)NC(C(=O)Nc2cccc(NC(C)=O)c2)c2c(C)nn(C)c2C)CCCC1,0
HGODEL0015-1258-199-383,COCCC1(C(=O)NCc2ccsc2C(=O)N(C)CCc2cnoc2C)CCC1,0
HGODEL0015-787-19-19,COCCOCc1ccc(CN(C)C(=O)COc2cccc(CNC(=O)C3(CO)CC3)c2)cc1,0
HGODEL0015-39-136-201,COCCn1cc(CN(C)C(=O)[C@H](CO)NC(=O)CCCOCc2ccccc2)cn1,0
HGODEL0015-1389-33-408,COC[C@H](NC(=O)CCCCCc1ccccc1)C(=O)N(C)CC1CCN(C)c2ccccc21,0
HGODEL0014-126-86-470,COCc1nc(-c2cn(CCCNC(=O)CC3CN(C(C)=O)Cc4ccccc43)nn2)cs1,0
HGODEL0014-138-6-369,CO[C@]1(CNC(C)=O)C[C@H](C(=O)NCC(C)n2cc(-c3sccc3C)nn2)C1,0
HGODEL0015-17-71-108,COc1cc(C#N)ccc1OCC(=O)NC(Cc1cnn(C)c1C)C(=O)N(C)Cc1ccccc1OCc1cccnc1,0
HGODEL0013-35-7-408,COc1cc(CNC(CNC(C)=O)C2CCC2)ccc1OC(C)C(=O)NCC(C)Cn1ccnc1C,0
HGODEL0013-30-34-502,COc1cc(CNCc2ccccc2CNC(C)=O)cc(Cl)c1OC(C)C(=O)N1CC=C(c2cccc(C)c2C)CC1,0
HGODEL0032-343-184-605,COc1cc(NC(C)=O)ccc1NC(=O)c1sc(-c2ccc(C#Cc3noc4c3CCCC4)cc2)nc1C,0
HGODEL0013-73-41-263,COc1cc(NC(C)=O)ccc1NCc1cc(F)c(C(=O)NCC2(C3CCCCO3)CCC2)cc1F,0
HGODEL0013-36-6-438,COc1cc(OC)c(C(=O)NC2CC3(C2)CS(=O)(=O)C3)cc1CNC1CC(C)(CNC(C)=O)C1,0
HGODEL0013-52-6-395,COc1cc(OC)c(C(=O)NC2CCCN(c3ccncn3)C2)cc1CN[C@H]1CCC[C@@H]1NC(C)=O,0
HGODEL0013-42-23-310,COc1ccc(CC2CCCN2C(=O)c2ccccc2-c2ccc(CNc3cc(F)cc(CNC(C)=O)c3)cc2)cc1OC,0
HGODEL0028-291-10-201,COc1ccc(CN2CC3(CCC(CNC(=O)CCN4CCN(C)CC4C)O3)C2)cc1OCC1CC1,0
HGODEL0013-36-30-83,COc1ccc(C[C@H]2CCCN2C(=O)c2ccc(OC(F)F)c(CNC3CC(C)(CNC(C)=O)C3)c2)cc1OC,0
HGODEL0013-11-55-161,COc1ccc(NC(C)=O)cc1NCc1cc(C(=O)Nc2ccc(-n3ccnc3C)nc2)cs1,0
HGODEL0013-19-10-271,COc1ccc(OC)c(CCCNC(=O)c2nn(C3CCOCC3)cc2CNC[C@@H](NC(C)=O)c2ccccc2)c1,0
HGODEL0025-29-3-916,COc1cccc2c1OCC(C(=O)N1CCC[C@@H]1CN1CCN(C3CCN(C)CC3)CC1)C2,0
HGODEL0013-4-34-524,COc1ccccc1-c1cccc(NC(=O)C(C)Oc2c(Cl)cc(CNC3CN(C(C)=O)C3)cc2OC)c1,0
HGODEL0015-1780-136-385,COc1ccccc1C(F)(F)C(=O)N[C@@H](CO)C(=O)N1CCC12CC(CNC(C)=O)C2,0
HGODEL0032-419-473-301,COc1nc(C#Cc2cc(C)on2)ccc1C(=O)NC1CCN(C(C)=O)C1,0
HGODEL0012-749-72-495,COc1nc(N2CCOCC2)ccc1NC(=O)c1ccc(C(=O)N(C)Cc2ccon2)nc1,0
HGODEL0013-38-16-265,CSC1(CNC(=O)CCCOc2cccc(CN3CC4(C3)OCCN4C(C)=O)c2)CCN(C)CC1,0
HGODEL0015-102-309-305,C[C@H](NC(=O)C1(c2cccc(C#N)c2)CC1)c1nc(C(=O)N(C)C2CC23CC3)co1,0
HGODEL0015-1152-29-461,Cc1c(C#N)cccc1C(=O)N[C@@H](Cc1ccc(F)c(F)c1)C(=O)N(C)Cc1cnn(CC2CCC2)c1,0
HGODEL0015-864-287-283,Cc1cc(C(=O)NCCN2CCC(C(=O)N(C)Cc3nnnn3CC3CC3)CC2)cc(C)c1C#N,0
HGODEL0030-1209-94-434,Cc1ccc(CC(C)NCc2ccc(C(=O)N(C)CC3CCN(C)CC3)cc2F)s1,0
HGODEL0015-1066-247-61,Cc1ccn2cc(CCN(C)C(=O)CC(NC(=O)[C@H]3C[C@@H]3C(F)(F)F)C3CCOCC3)nc2n1,0
HGODEL0015-898-350-377,Cc1cn(CCCN(C)C(=O)C2(CNC(=O)Cc3cc(F)cc4c3OCOC4)CC(F)(F)C2)cn1,0
HGODEL0015-127-80-311,Cc1nc(C#N)ccc1C(=O)N[C@@H](Cc1cccc(C#N)c1)C(=O)N(C)Cc1ccsc1C(F)(F)F,0
HGODEL0015-841-149-197,Cc1nc(C)c(CCN(C)C(=O)C(Cc2cnn(C)c2)NC(=O)CCCOc2ccc(F)cc2)s1,0
HGODEL0027-654-129-391,Cc1ncc(CN(C)c2nc(NCCc3cnn(C)c3)nc(Nc3ccc4[nH]ccc4c3)n2)n1C,0
HGODEL0015-1327-80-147,Cc1nn(C)c(N2CCCOC(C)C2)c1CN(C)C(=O)[C@H](Cc1cccc(C#N)c1)NC(=O)c1cc(F)c[nH]1,0
HGODEL0030-1505-42-302,Cc1nnc(C(c2ccccc2)N(C)C(=O)c2cccc(COc3cccc(CN4CCCC4c4cccn4C)c3)c2)[nH]1,0
HGODEL0025-6-3-847,Cc1onc(-c2ccc(F)cc2)c1C(=O)N1CCC[C@@H]1CN1C[C@@H]2CN(C)C[C@@H]2C1,0
